id	KitA-1-1-2	KitA-1-1-3	KitA-1-1-4	KitA-1-1-5	KitA-1-1-6	KitA-1-1-7	KitA-1-1-8	KitA-1-1-9	KitA-1-2-2	KitA-1-2-3	KitA-1-2-4	KitA-1-2-5	KitA-1-2-6	KitA-1-2-7	KitA-1-2-8	KitA-1-2-9	KitA-1-3-2	KitA-1-3-4	KitA-1-3-5	KitA-1-3-6	KitA-1-3-7	KitA-1-3-8	KitA-1-3-9
a1e2b28fb788c9542caf556c169bd434	0	0	0	0	37	11	0	0	0	0	232	0	0	0	0	0	0	103	221	94	0	0	0
515ecf421a951bc274a7daaa791dc894	0	0	0	0	0	0	0	0	0	136	0	0	0	0	0	0	0	0	0	0	0	0	0
6cba61242453f471b9c15fdcb5026986	0	0	0	0	0	0	0	0	0	0	0	0	0	0	0	0	0	0	0	0	0	0	0
22945a8897a69e181c49fe173357afa4	0	0	0	0	0	0	0	0	0	0	0	0	0	0	0	0	0	0	0	0	0	0	0
10632594b60ae4615aae7cff00a1ab1d	0	114	14	349	140	38	0	0	801	0	484	488	0	41	0	0	2700	593	541	89	20	0	0
a4e67b9bc76b406c5803bc1115a265c3	345	233	243	0	23	0	0	0	0	0	209	0	187	16	0	0	1012	88	0	37	0	0	0
c399690af99a1c262418ded35a3ec6ba	0	0	0	0	0	0	0	0	0	0	97	0	0	0	0	0	0	0	0	0	0	0	0
9f80555aa10d6449287fc6c13747633f	0	0	0	0	0	0	0	0	0	0	73	0	0	0	0	0	0	0	90	0	0	0	0
1f1f94e2c39cd0e579eee31d65aea2cc	0	0	0	0	0	0	0	0	0	43	0	0	0	0	0	0	0	0	0	0	0	0	0
fa9ed33ad68493030adb1088fa3002f3	0	0	0	0	0	0	0	0	0	0	0	0	0	0	0	0	62	0	0	0	0	0	0
8b776aee914dfda17962950faac41b41	0	0	0	0	0	0	0	0	0	0	0	0	0	9	0	0	724	0	100	0	0	0	0
672f8669b779aac0f82dde2176d24772	0	0	132	0	0	0	0	0	0	0	165	101	0	0	0	0	411	0	0	0	0	0	0
e0ac8c83c67c23b62496f045f2699552	0	0	0	0	0	0	0	0	0	0	0	0	0	0	0	0	0	0	0	0	0	0	0
10b587c79cce374aed733f79d1a50652	0	0	0	0	0	0	0	0	0	0	0	0	0	0	0	0	0	0	80	0	0	0	0
4bc24278f06a247de30ee28700e420e6	0	0	316	0	34	0	0	0	60	26	424	35	0	13	0	0	249	98	98	126	14	0	0
e8849b7137e82a4e63059c4e7268ff01	0	104	0	0	0	0	0	0	0	0	0	0	0	0	0	0	0	0	0	0	0	0	0
e081418fea7c571d983673958bad7f0e	0	91	0	0	0	0	0	0	0	0	0	0	0	0	0	0	0	0	0	0	0	0	0
6859a8d53d59d2aa7193210fc46505c7	486	568	219	0	34	0	0	0	106	50	837	0	0	0	0	0	1195	221	0	0	0	0	0
46d91d6b03e3affa57547751a0e08b9f	0	0	0	0	0	0	0	0	41	0	0	0	0	0	0	0	0	0	0	0	0	0	0
9d73e3d26817b6df6e826b55972bd883	0	0	0	0	0	0	0	0	0	17	0	0	0	0	0	0	0	0	0	0	0	0	0
6c21129697cf5ff63c00f1015369f55a	0	0	0	0	0	0	0	0	376	0	0	0	121	0	0	0	0	0	0	0	0	0	0
7183dace16149785b6e554abb623131c	1472	2488	1476	794	605	25	8	0	1304	285	1586	1265	810	137	0	0	8457	1001	1039	545	45	22	0
f58acbe140ddb4de8b917ce42a8800d7	0	0	0	0	0	0	0	0	0	0	0	0	0	0	0	0	0	0	0	0	0	0	0
b7da7f8eeca4712a739c4e8a6bdfa5c1	600	677	1054	778	73	0	0	0	551	47	405	334	525	21	0	0	695	108	276	144	11	0	0
ce2cd3a4c5f71850c971505e5aea514b	0	0	0	50	0	0	0	0	0	0	0	0	0	0	0	0	0	0	0	0	0	0	0
50506d79cbf8da55e9b973a4acc815da	235	153	0	155	63	0	0	0	604	0	236	356	0	0	0	0	1780	129	266	0	0	0	0
46f146bb6d5237813ceb53531f541088	0	0	0	0	0	0	0	0	0	6	0	0	0	0	0	0	0	0	0	0	0	0	0
6231b9a2e29ca0c1bc6d7522f95b8a52	425	320	301	341	117	40	0	0	495	0	225	92	102	0	0	0	2416	280	234	184	0	0	0
ed85b271168f923099279d2e666d2d5b	1088	5321	2506	2206	896	116	32	5	2624	439	3506	2134	1687	207	13	6	14285	2149	1893	696	237	27	4
2cce0f7944a0c4c2ba4a9a42f773cf7a	0	0	0	0	0	0	0	0	0	0	0	0	0	0	0	0	0	236	0	0	0	0	0
56a53f5d34da64dba778411e94141b24	0	0	0	0	0	0	0	0	0	0	0	55	0	0	0	0	241	0	0	0	0	0	0
e65851a046605a6933f4dae2c621e907	0	121	67	70	0	0	0	0	64	0	105	0	0	0	0	0	344	72	58	0	0	0	0
9415c3f4daf7dcd5b1283f4503a46395	0	0	0	0	0	0	0	0	0	0	43	0	0	0	0	0	0	0	0	0	0	0	0
f2f69fe46f5144c2a9014986ce390ed4	643	0	39	593	26	13	0	0	0	37	80	179	305	0	0	0	212	186	435	76	13	0	0
4303173cdcd916067bdb3f2abda3237e	0	0	0	0	0	0	0	0	0	30	0	0	0	0	0	0	0	0	0	0	0	0	0
fdccaa414655bad46abe3e0f20522e75	179	233	194	474	45	20	0	0	340	64	82	74	18	9	0	0	314	40	68	153	24	5	0
6bc0f96b12f6a72b35422900dd3888af	0	0	0	0	0	0	0	0	6	0	0	4	0	0	0	0	11	0	0	0	0	0	0
b660ec55c7c702c090e79d6712eeb0d0	0	0	0	0	0	0	0	0	0	0	0	40	0	0	0	0	0	0	0	0	0	0	0
8520abd9d384b7243874750ec6df54e0	0	0	0	0	475	736	675	987	0	0	89	0	372	619	303	956	0	0	287	404	448	762	1072
69a5f1e5f26e79fbd15404de7b82157b	0	0	105	0	327	565	516	776	0	0	50	136	369	452	273	804	0	0	156	328	491	523	889
21bf2684ff64094a84b7c3e00d896db1	0	0	0	0	330	285	292	431	0	0	69	0	493	185	156	456	0	0	0	288	248	325	511
a371bfb828c4f6e1dbc03f521ae93c47	0	0	0	0	0	0	0	0	0	83	0	0	0	0	0	0	0	0	0	0	0	0	0
31edd9613dc36628a5a55028e23eaa6a	0	0	0	0	186	281	230	385	0	0	0	0	134	265	102	423	0	0	0	138	237	280	450
2a678ac3728bdb8cccf02ef501477f3f	0	140	0	32	291	349	326	456	0	0	0	37	394	265	185	505	0	0	112	127	271	380	604
bbc4edcbda3181bfd8621ddd50cb23dc	0	0	0	0	0	0	0	0	0	0	0	0	90	0	0	0	0	0	0	0	0	0	0
36bc1d7e99f0b0c3f1dfc07612177436	0	0	0	201	233	335	444	520	0	0	0	0	0	263	154	565	0	57	0	134	304	383	714
7309f45816dbb68ee38b261116e4736b	0	0	0	0	77	106	132	184	0	13	0	0	192	111	39	187	0	0	158	0	121	186	217
add6cd3b4bd6a14e92a22940b85d131a	0	0	0	0	0	0	0	0	0	0	0	0	0	0	0	0	0	0	0	0	0	0	0
e9fab8021c0935962ce548a2b0f461e4	0	0	0	0	0	0	0	0	0	21	0	0	0	0	0	0	0	0	0	0	0	0	0
b08b5842dc1bce82088c04f4b60dacae	19	0	0	0	0	0	0	0	0	0	0	0	0	0	0	0	0	0	0	0	0	0	0
1710e2b60e7789ed9123ccd088cbfb93	0	0	100	0	0	0	0	0	0	0	0	0	0	0	0	0	0	0	193	0	0	0	0
4a5cece2d6c9da74bb320a13582ca3c5	116	309	0	0	0	10	0	0	497	1170	137	106	433	0	0	0	209	35	0	0	0	0	0
3444f19e0cb194dfbd485cc396c59f71	0	0	0	0	0	0	0	0	0	0	0	0	31	0	0	0	0	0	0	0	0	0	0
da926e9a57782639281b0e07d1f17482	0	0	0	0	0	0	0	0	0	44	0	0	0	0	0	0	0	0	0	0	0	0	0
6addf19126a608534e5e996193ced91d	0	0	0	0	0	0	0	0	0	21	0	0	0	0	0	0	0	0	0	0	0	0	0
746a00faf75f229a0620f644e16878b6	0	0	288	0	0	0	0	0	0	0	0	0	0	0	0	0	0	0	0	0	0	0	0
d0e0d1247851da0b148626b958721791	0	0	0	0	0	0	0	0	0	37	0	0	0	0	0	0	0	0	0	0	0	0	0
e9aa42b11c118bb0e94dd29127522c58	0	0	74	0	0	0	0	0	0	0	0	0	0	0	0	0	0	0	0	0	0	0	0
f0450a3812a0e180e488e69596bbdaa2	0	0	119	0	0	0	0	0	0	0	0	0	0	0	0	0	0	0	0	0	0	0	0
4e002495f6160b49778386c69b68ade4	0	0	81	0	0	0	0	0	0	0	0	0	0	0	0	0	0	0	0	0	0	0	0
d96bb35647082669209d1353461b2d9a	0	0	357	0	0	0	0	0	0	0	0	0	0	0	0	0	0	0	0	0	0	0	0
c9384aec9b6581bb3b02ca4df519788d	0	0	683	0	0	0	0	0	0	0	0	0	0	0	0	0	0	0	0	0	0	0	0
ee2df3a6a351e4a1556d76d0a68abfb3	0	0	108	0	0	0	0	0	0	0	0	0	0	0	0	0	0	0	0	0	0	0	0
e2cb6f13125fadef1ef989d673b4ca1e	43	0	0	0	0	0	0	0	0	0	0	0	0	0	0	0	0	0	0	0	0	0	0
38cce7e8affa2bb3eae864e3975cafef	0	0	0	0	0	0	0	26	0	0	0	0	0	0	0	0	0	0	0	0	0	0	0
67dc8a1ce7192eae006846840e42a996	0	0	0	0	49	120	129	140	0	0	0	0	0	97	56	148	0	0	0	70	112	134	195
4e5598eeecdc16759ef13a006ba16087	0	123	0	0	0	0	0	0	0	0	0	0	0	0	0	0	0	0	0	0	0	0	0
179786cf206000c3fa84512b1aef9392	337	208	0	0	0	0	0	0	310	20	0	0	0	0	0	0	458	65	0	0	0	0	0
a82767ec9126bcee6b88cbab8f3c0edf	0	0	108	0	0	0	0	0	0	0	0	0	0	0	0	0	0	0	0	0	0	0	0
ee7b1447e92aa7f5df90996c5a28142d	0	77	0	0	0	0	0	0	0	0	0	0	0	0	0	0	0	0	0	0	0	0	0
a000cf837b3485703587e0bf07d1c27c	159	36	0	0	0	0	0	0	0	0	59	0	0	0	0	0	158	0	0	0	0	0	0
ec690c821c3d2d00072a5aaecd0ce0e3	0	14	95	0	0	0	0	0	301	0	0	0	0	0	0	0	560	0	0	0	0	0	0
9ce7926de35ad00a83670e990d6f4e4b	0	0	0	0	0	0	0	0	0	0	55	0	0	0	0	0	0	0	0	0	0	0	0
ec3375600e948aae2b82c4b74ff52f7b	0	0	0	0	0	0	0	0	0	0	0	0	24	0	0	0	0	0	0	0	0	0	0
30353cd87bfd59facd2e4b29c85c72e2	0	0	0	0	0	0	0	0	0	0	0	0	0	0	0	0	0	0	0	0	0	0	0
669e097d8c4c10e239702fe44197660e	723	0	181	382	0	27	0	0	346	35	231	0	267	19	0	0	528	0	47	0	12	5	0
d5cecdc2b9fec191d2dbd99ea7d377a0	0	0	0	0	0	0	0	0	0	28	0	0	0	0	0	0	0	0	0	0	0	0	0
e6b62a4f15bef5307bd6b18c35e33713	71	0	0	0	0	0	0	0	0	0	0	0	0	0	0	0	0	0	0	0	0	0	0
aa2d28e89f495b17511d805677a6e5ce	0	0	0	0	0	0	0	0	0	0	0	0	0	0	0	0	0	0	0	0	0	0	0
4aa5b65b07de383905e075ac7b0d623e	0	0	0	0	0	0	0	0	104	0	0	0	0	0	0	0	0	0	0	0	0	0	0
986b3a44f128e39d79db3283f7eb1a61	0	0	0	0	0	0	0	0	0	0	0	0	0	0	0	0	0	0	0	0	0	0	0
e031a11959dd22909c944bb5d3d692d0	0	0	0	150	0	0	0	0	0	0	0	0	0	0	0	0	0	0	0	0	0	0	0
8bcfe46c670b0fba9bac7ac6c5f02461	0	0	0	332	0	0	0	0	0	0	0	0	0	0	0	0	0	36	0	0	0	0	0
07f50093318cfe681b2dcbb92f4b533e	0	0	0	0	0	0	0	0	0	0	0	0	0	0	0	0	0	0	0	0	12	0	0
7227f6515e37823c47fa5b9c75b25491	0	0	0	0	0	0	0	0	0	40	0	0	0	0	0	0	0	0	0	0	0	0	0
5d58ed731b74d6c40837a300cf563f4d	0	0	0	0	25	10	0	0	0	0	0	0	0	0	0	0	0	0	0	0	0	3	0
2667679bdae429afde2ff47ced72d40f	0	0	0	0	0	0	0	0	56	0	0	0	0	0	0	0	0	0	0	0	0	0	0
c01dfa7f2dd37fbaddd4009e54d5f02b	0	0	0	0	0	0	0	0	0	42	0	0	0	0	0	0	0	0	0	0	0	0	0
564cfc1b813d0dcfc413e8f678f52d25	0	0	0	0	0	0	0	0	0	20	0	0	0	0	0	0	0	0	0	0	0	0	0
2d5c8b2e82ba9d1f5c85786457b73684	0	0	0	0	0	0	0	0	0	25	0	0	0	0	0	0	0	0	0	0	0	0	0
e62608f9454344fe4b4790eccc065558	0	0	0	0	0	0	0	0	0	0	0	0	0	0	0	0	0	0	0	0	0	0	0
93e6b27d60dcd4e84a9a14521b7d9ddd	0	0	0	0	0	0	0	0	0	52	0	0	0	0	0	0	0	0	0	0	0	0	0
9669ee810f3277012b250b32aba2e01f	0	0	0	0	0	0	0	0	0	45	0	0	0	0	0	0	0	0	0	0	0	0	0
a3173aa9b8542999e21fd625644b470f	0	0	0	0	0	0	0	0	0	21	0	0	0	0	0	0	0	0	0	0	0	0	0
ef9b5867e1947bf61d20cf88456198b5	0	0	0	0	0	0	0	0	0	46	0	0	0	0	0	0	0	0	0	0	0	0	0
8dee95b526f04da13d4ea6327da6f37b	0	0	0	0	0	0	0	0	0	0	0	0	0	0	0	0	0	0	0	0	0	0	0
12f3af4098418b7858027ee46424b8e1	0	0	0	0	0	0	0	0	0	0	0	0	0	0	0	0	0	0	0	0	0	0	0
17c5e139515da1723173b5f8a4212cf2	0	0	0	0	0	0	0	0	0	27	0	0	0	0	0	0	0	0	0	0	0	0	0
b67117fc07c34d62f506b33aa795abf1	0	0	0	0	0	0	0	0	0	35	0	0	0	0	0	0	0	0	0	0	0	0	0
124390a1777e4653b9155622a7ae4979	0	0	0	0	0	0	0	0	0	58	0	0	0	0	0	0	0	0	0	0	0	0	0
7146647c6545fbc3dc0e0d9cf3354634	0	0	0	0	0	0	0	0	0	74	0	0	0	0	0	0	0	0	0	0	0	0	0
9607e2eba4448373733f950a81ee9d06	0	0	0	0	0	0	0	0	0	0	0	0	0	0	0	0	0	0	0	0	0	0	0
5310a725831877b038510255015e4664	0	0	0	0	0	0	0	0	0	40	0	0	0	0	0	0	0	0	0	0	0	0	0
169082aba26738e0885be2429a4c4ac6	0	0	0	0	0	0	0	0	0	23	0	0	0	0	0	0	0	0	0	0	0	0	0
fb5d45ef40399b6922948a4d889b9f72	0	0	0	0	0	0	0	0	0	45	0	0	0	0	0	0	0	0	0	0	0	0	0
9e9864ada47b105ffdb0b80bcb0e3730	0	0	0	0	0	0	0	0	0	28	0	0	0	0	0	0	0	0	0	0	0	0	0
2262f14d2b6e74a20422a2c9004016dd	0	0	0	0	0	0	0	0	0	47	0	0	0	0	0	0	0	0	0	0	0	0	0
314ffac6d83390ea9a4311638c66274a	0	0	0	0	0	0	0	0	0	31	0	0	0	0	0	0	0	0	0	0	0	0	0
a2b296f2b030e1581a35c78c01e1889c	0	0	0	0	0	0	0	0	0	0	31	0	0	0	0	0	0	0	0	0	0	0	0
64b364993d0b7ffea616577549335cee	0	0	0	0	0	0	0	0	0	79	0	0	0	0	0	0	0	0	0	0	0	0	0
b8bcb07d0805ea5ecf2cafd61798b86c	0	0	0	0	0	0	0	0	0	36	0	0	0	0	0	0	0	0	0	0	0	0	0
3181fc64b3f76432d16493d7d9801c7e	0	0	0	0	0	0	0	0	0	16	0	0	0	0	0	0	0	0	0	0	0	0	0
6e312b099219839a4c4b578240b35693	0	0	0	0	0	0	0	0	0	57	0	0	0	0	0	0	0	0	0	0	0	0	0
405c94c3199a0fba5e73e094998700d3	0	0	0	0	0	0	0	0	0	49	0	0	0	0	0	0	0	0	0	0	0	0	0
2c67bb7934fa1ea1e6b9d3704fd2aa04	0	0	0	0	0	0	0	0	0	55	0	0	0	0	0	0	0	0	0	0	0	0	0
a0730ec6c89feb108ce85c57371c1d7f	0	0	0	0	0	0	0	0	0	28	0	0	0	0	0	0	0	0	0	0	0	0	0
33148268387422c91db1a288c6a7f8e1	0	0	0	0	0	0	0	0	0	34	0	0	0	0	0	0	0	0	0	0	0	0	0
c86c59ecf3966174857f09a3b3fcb631	0	0	0	0	173	360	230	345	0	0	0	0	213	341	99	252	0	0	61	105	112	235	443
5ed9f5e5cf1eec1868379dbaee5722ea	0	0	0	171	90	353	356	508	0	0	0	0	197	363	116	390	0	0	0	194	309	336	611
7eec2ffd0f771014ee6c96c90613c307	0	0	0	0	271	414	376	482	0	0	0	0	93	317	145	459	0	0	0	483	358	369	689
5fb4a8ed64044c5d5049112cfa97edb0	0	0	0	332	261	327	221	309	0	0	0	147	281	341	114	267	0	0	0	0	310	209	460
b01d74591da13d0cc115c0e32e1b2336	6	0	151	277	557	854	698	953	0	0	0	0	445	715	270	797	0	0	108	596	658	630	1149
4d57f2afbdb934d883a5c47902f9e225	0	0	0	0	183	280	332	369	4	0	0	0	119	210	118	288	0	0	0	0	230	286	407
cf4dd8b46311b1ca7e9c1fa5356aae1d	0	0	0	0	231	411	358	427	0	0	0	0	0	326	137	427	0	0	35	171	336	384	600
32645a0f3363167845215934882c6e8d	0	21	0	0	0	0	0	0	0	0	0	0	0	0	0	0	0	0	0	0	0	0	0
2d508cf8dfab498d504b3c6aa0dde5c6	0	0	0	39	1563	2467	1966	2906	0	2	0	300	2060	2058	865	2313	0	151	386	1638	1927	1945	3571
1b7d19a6ffc8299b8ad7b3605438b9ea	0	0	0	0	0	0	0	0	0	22	0	0	0	0	0	0	0	0	0	0	0	0	0
c434e1db0747ab8f5fe81c01ba805e18	0	0	0	0	0	0	0	0	0	36	0	0	0	0	0	0	0	0	0	0	0	0	0
f3b523c02ccf7990d0e70d87d3f34abf	0	0	0	0	0	0	0	0	0	29	0	0	0	0	0	0	0	0	0	0	0	0	0
85122775e41b26ab6586e0813db60dd6	0	0	0	0	17	41	44	40	0	0	0	0	13	34	0	26	0	0	0	0	0	22	55
61c994c6ebba6ce7ce68885844aa684c	0	0	0	0	0	0	0	0	0	37	0	0	0	0	0	0	0	0	0	0	0	0	0
85e803bff70261bd24bc503cfff49a5e	0	0	0	0	27	72	26	41	0	0	168	0	0	13	0	37	0	0	0	34	24	55	76
f656c568e06af13886fc1fc312b0915d	0	0	0	0	0	26	34	42	0	0	0	0	0	22	36	36	0	0	0	0	36	28	73
f62f4746f0039f4c9ec1fc08f98a43b6	0	0	0	0	0	0	0	0	0	31	0	0	0	0	0	0	0	0	0	0	0	0	0
90907160f5cbcb06128905d13e02eba6	0	0	0	0	0	34	27	45	0	84	0	0	0	100	13	39	0	0	297	54	37	31	60
0bb8394038cfa6b3916856bac6b8162a	0	0	89	0	0	0	0	0	0	0	0	0	0	0	0	0	0	0	0	0	0	0	0
e8a08b96c3c7c759b392c3538a96126e	1672	0	0	0	0	0	0	0	0	0	0	0	0	0	0	0	0	0	0	0	0	0	0
8d99ca3b6a7b244c5fe583b4992c03e3	147	0	0	0	0	0	0	0	0	0	0	0	0	0	0	0	0	0	0	0	0	0	0
1e3ed56b0bef7fd2d5c25d344e54c579	403	0	0	0	0	0	0	0	0	0	0	0	0	0	0	0	0	0	0	0	0	0	0
df02857d66fe45175cdad35e210db2fc	0	0	625	0	0	0	0	0	0	0	0	0	0	0	0	0	0	0	0	0	0	0	0
c7d304db0fe9ff127c37ba44c6b71573	0	0	118	0	0	0	0	0	0	0	0	0	0	0	0	0	0	0	0	0	0	0	0
965a2368829e4ee565310e229078f876	0	0	0	0	0	0	0	0	0	0	0	0	74	0	0	0	0	0	0	0	0	0	0
b4d2f416ef9d39a82cbf47be6df210d4	0	0	0	0	0	0	0	0	0	53	0	0	0	0	0	0	0	0	0	0	0	0	0
b819e20a4283b43d05bfc9582a023cd3	0	0	0	187	592	1087	1058	1155	0	0	0	125	959	1083	473	975	0	0	159	1022	1174	1104	1403
5cecbb426260b43c3ae1f0b917b667f2	0	0	0	274	357	1016	814	823	0	0	0	148	330	975	374	742	0	0	276	511	632	878	1043
825004565c72fa7f8af6d13eb5c13089	0	0	0	292	443	580	511	516	0	0	0	159	233	583	245	451	0	0	133	276	335	564	700
4e2d5343be2e5618f08ada9e1e4233b6	0	0	0	0	64	357	279	273	0	0	64	0	0	238	126	258	0	0	392	0	208	310	368
3602edff6fa599104565ef17126b22ee	0	0	0	0	0	0	0	0	0	0	45	0	0	0	0	0	0	0	0	0	0	0	0
84d5b07b95e847179784225662e1d0fe	0	0	0	0	46	186	176	261	0	0	0	0	83	140	75	250	0	0	99	67	146	351	278
0877169f3e2eaa5c2e1f21c93d793b7b	0	0	0	0	0	0	0	0	0	0	0	0	0	0	0	4	0	0	0	0	0	0	0
9149738804052fb75a71916329502835	0	0	0	0	0	0	0	0	0	0	0	0	0	0	0	0	0	0	0	0	0	0	0
d3568737cdf980371d61078b870959c2	0	0	0	0	0	0	0	0	0	43	0	0	0	0	0	0	0	0	0	0	0	0	0
ab10aa361f6659d977d1e09adc9294e8	0	0	0	0	0	0	0	0	0	35	0	0	0	0	0	0	0	0	0	0	0	0	0
755be142acca75abcac85efd84b936cb	0	0	0	0	0	0	0	0	0	37	0	0	0	0	0	0	0	0	0	0	0	0	0
cb50268608b53f69a276f000891b3059	70	107	0	0	0	0	0	0	0	0	0	0	0	0	0	0	0	0	0	0	0	0	0
045705fd61c9f42c064881b2f4553749	0	0	0	0	0	0	0	0	0	0	0	0	0	0	0	0	0	53	0	0	0	0	0
62111e7eda2f381e5cc9b83a21e38675	0	0	44	0	0	0	0	0	0	0	0	0	0	0	0	0	0	0	0	0	0	0	0
2b7f35885f5e0a32bd1a0eee47db12fc	0	0	83	0	0	0	0	0	0	0	0	0	0	0	0	0	0	0	0	0	0	0	0
b8e4821ec86f52793200a218a9a872af	0	0	0	0	0	0	0	0	0	86	0	0	0	0	0	0	0	0	0	0	0	0	0
6c1f999e208111c58336cbc8441f454c	0	0	387	0	0	0	0	0	0	0	0	0	0	0	0	0	0	0	0	0	0	0	0
254f465326c0ce91c5fa5baeed3b3dbc	0	0	0	0	0	0	0	0	0	0	0	0	0	0	0	0	0	0	0	26	0	0	0
04ae6d4e93605dc0fd87868b6069bbbf	0	0	0	0	0	0	0	0	0	0	0	0	27	0	0	0	0	0	0	0	0	0	0
5e67ba75ec50b8be266542f4917a0c2b	0	0	0	0	0	0	0	0	0	0	0	0	0	0	0	0	0	0	0	0	0	0	0
638b5a793cbaf3007e35c93317e06b94	0	0	0	0	0	74	78	112	0	0	0	0	54	0	0	84	0	0	0	0	0	0	111
2c38d9d5742202da694d4721608fd637	0	0	260	288	1624	2568	2234	3649	258	34	17	1329	1524	2507	1376	3349	179	75	672	1871	2145	2805	3909
aa52f3fe7a4e68e0e9d70ae7542de1f2	0	0	0	0	0	0	0	0	0	0	0	0	0	0	0	0	0	24	0	0	0	0	0
b6a5fc447ca79e8fedf45cd9bef85ab8	0	0	31	0	0	0	0	0	0	0	0	0	0	0	0	0	0	0	0	0	0	0	0
b855efb7e51cf62823a651db93fbf58c	0	0	0	0	0	0	0	0	0	14	0	0	0	0	0	0	0	0	0	0	0	0	0
c6f4ebdaae2fa4de63989c19422c06ee	0	0	0	0	0	0	0	0	0	0	0	0	0	0	0	0	177	0	0	0	0	0	0
47026cc897383b4e81448ccac2064f9f	0	0	70	0	0	0	0	0	0	0	0	0	0	0	0	0	0	0	0	0	0	0	0
ad3ff6815c19c37b31cc8ba1921ed877	0	0	0	0	0	0	0	0	0	0	0	0	0	0	0	0	0	22	0	0	0	0	0
4a9b21921c4e594ff9efd69740727273	199	0	0	0	0	0	0	0	0	0	0	0	0	0	0	0	0	0	0	0	0	0	0
4aa522c5b50051776adf225908e5ef6c	0	0	0	0	0	63	60	116	0	0	0	0	51	69	0	74	0	0	0	0	0	87	100
0bc30de2fc2904c62d18fa6988ca5e3f	0	0	0	0	0	0	0	0	0	0	0	0	0	0	0	0	0	0	41	0	0	0	0
763ebd3d15f7fea8d9d5a4565530bc8a	0	0	0	0	0	0	0	0	0	0	0	0	0	27	0	0	0	0	0	0	0	0	0
08fa08a741c20c3a8e51661d84e9facf	0	0	0	0	0	0	6	0	0	0	0	0	0	0	0	0	0	0	0	0	0	0	5
1a5f680454949214c854fab2f2177532	0	0	0	0	0	0	0	0	0	36	0	0	0	0	0	0	0	0	0	0	0	0	0
a1eec4a3f087230fbdd1c3d89916edd6	0	0	0	0	0	0	0	0	0	30	0	0	0	0	0	0	0	0	0	0	0	0	0
12ac35f144ade10e1c0994f3ce2fc96a	0	0	0	0	0	0	0	0	0	41	0	0	0	0	0	0	0	0	0	0	0	0	0
38bc765c3abf8d2e15419fe703dd4788	0	0	0	0	0	0	0	0	0	49	0	0	0	0	0	0	0	0	0	0	0	0	0
8619be89386150a87d5ff080a5ef4351	0	0	0	0	0	0	0	0	0	40	0	0	0	0	0	0	0	0	0	0	0	0	0
4a60db356cf1f9022b9c3bb5a2f49c3f	0	0	0	0	0	0	0	0	0	25	0	0	0	0	0	0	0	0	0	0	0	0	0
e96c3c9d7f1fa825c2e94be9d23210e0	0	0	0	0	0	0	0	0	0	33	0	0	0	0	0	0	0	0	0	0	0	0	0
759837042ce553fc7eb0beb658795e08	0	0	0	0	0	0	0	0	0	0	0	0	0	8	8	0	0	0	0	0	0	0	0
436ce619f5e2ef1a96e5615f5442e2a4	0	0	0	0	0	0	0	0	0	0	0	0	0	0	0	0	0	0	0	0	4	0	0
3d2ee3c66ba6cb350f127ccfe33e7e3b	0	0	0	0	0	0	0	0	0	35	0	0	0	0	0	0	0	0	0	0	0	0	0
3f44905336aa2b8faddadc580efe6c00	0	0	0	0	0	0	0	0	0	40	0	0	0	0	0	0	0	0	0	0	0	0	0
61b3fce37bb87052c914ab444b7050cb	0	0	0	0	0	0	0	0	0	20	0	0	0	0	0	0	0	0	0	0	0	0	0
d110acd0a9573ffd1d0980985573f63b	0	0	0	0	0	0	0	0	0	32	0	0	0	0	0	0	0	0	0	0	0	0	0
b518c769b49eaf9909c4553e7d55005a	0	0	0	0	0	0	0	0	0	12	0	0	0	0	0	0	0	0	0	0	0	0	0
406b69b02c8148a223c8365f134b0073	0	51	0	0	0	0	0	0	36	0	85	63	0	0	0	0	186	0	0	0	0	0	0
e950887a06e51d1fc43c80f66ce6618c	0	47	0	0	0	0	0	0	0	0	77	0	0	0	0	0	162	0	0	0	0	0	0
7f97b72f7c0f9912d52d698eca59f55b	0	0	0	0	0	0	0	0	0	44	0	0	0	0	0	0	0	0	0	0	0	0	0
5ab5cf714d93fbe32ccb131ef3cdd7b4	926	1797	1141	616	601	43	18	0	1054	0	2640	1789	552	96	6	6	7857	742	746	816	62	0	0
5211ff5239d8320c7a680af3bedfc82d	1050	1533	582	416	488	45	0	0	640	31	2569	1329	400	29	0	0	6796	717	1504	485	67	23	0
f7c364985b8221d1a5caf8b25ce9572e	0	0	0	0	0	0	0	0	0	0	0	0	0	0	0	0	214	0	0	0	0	0	0
b151f041966c982ecb0bc7a14d4c9dcf	0	447	590	280	232	13	0	0	31	116	1266	345	0	19	0	0	1235	332	602	168	25	0	0
9e4e0a14e344ddd228e170b5273c0367	0	0	0	0	0	0	0	0	0	0	0	0	0	0	0	0	0	30	0	0	0	0	0
a487653a8a4441c589dd56a3eab9f3be	0	0	0	0	0	0	0	0	0	44	0	0	0	0	0	0	0	0	0	0	0	0	0
15fa5d0cd6a0aae97955298299a140fa	0	0	0	0	0	0	0	0	0	35	0	0	0	0	0	0	0	0	0	0	0	0	0
61931040734715dc998495676f5e46d6	0	0	0	0	0	0	0	0	0	33	0	0	0	0	0	0	0	0	0	0	0	0	0
660e5f2b665e5b7b6b0d390cb061d242	0	0	0	0	0	0	0	0	0	27	0	0	0	0	0	0	0	0	0	0	0	0	0
69bfcfba431bf1e256a3ca8008cdf8b6	0	0	0	0	0	0	0	0	0	53	0	0	0	0	0	0	0	0	0	0	0	0	0
d42a73e3c2a5008d5ee5543ed73f0a2f	0	0	0	0	0	0	0	0	0	45	0	0	0	0	0	0	0	0	0	0	0	0	0
305625bca79a8bbee46d682151ffdba4	0	0	0	0	0	0	0	0	0	16	0	0	0	0	0	0	0	0	0	0	0	0	0
89700216ec054e8a420f4387cb6a1e61	0	0	0	0	0	0	0	0	0	36	0	0	0	0	0	0	0	0	0	0	0	0	0
7530e08fb1c71070f2836679ec0795fe	0	0	0	0	0	0	0	0	0	0	0	0	0	0	0	0	0	0	0	0	0	0	0
fd8810e05045885afa0e902f5809d062	0	0	0	0	0	0	0	0	0	36	0	0	0	0	0	0	0	0	0	0	0	0	0
75ef19e4491800b0708581b8ffeacc0f	0	0	0	0	0	0	0	0	0	54	0	0	0	0	0	0	0	0	0	0	0	0	0
8b7509a609eb84d3987832ae77119cb7	0	0	0	0	0	0	0	0	0	36	0	0	0	0	0	0	0	0	0	0	0	0	0
ae717ed347efdebde98bed3624ec925c	0	0	0	0	0	0	0	0	0	71	0	0	0	0	0	0	0	0	0	0	0	0	0
a8ad60c60c16faea3ac01b2441f68119	0	0	0	0	0	0	0	0	0	48	0	0	0	0	0	0	0	0	0	0	0	0	0
2db000ef2266ae13c113771fab63d4c4	0	0	0	0	0	0	0	0	0	53	0	0	0	0	0	0	0	0	0	0	0	0	0
231690e74ad4951c53de5eb8681da756	0	0	0	0	0	0	0	0	0	120	0	0	0	0	0	0	0	0	0	0	0	0	0
ae26d3505eec81781cfdb5e2c3ae37e8	0	0	0	0	0	0	0	0	0	58	0	0	0	0	0	0	0	0	0	0	0	0	0
83121bc56c2ba34f6045d52215a1417b	0	0	0	0	0	0	0	0	0	41	0	0	0	0	0	0	0	0	0	0	0	0	0
7028273be82219e7124ef8ee9420cdeb	0	0	0	0	0	0	0	0	0	14	0	0	0	0	0	0	0	0	0	0	0	0	0
ae946481160f9002b8502989ffe5fe07	0	0	0	0	0	0	0	0	0	0	0	0	0	0	0	0	0	0	0	0	0	0	0
580dedab486ee5f7763394775207cdee	0	0	0	0	0	0	0	0	0	41	0	0	0	0	0	0	0	0	0	0	0	0	0
50ae7b44e4365d3d07eecbd1914fe8ac	0	0	0	0	0	0	0	0	0	0	0	0	0	0	0	0	0	0	0	0	0	0	0
1c11773e73014d8a6c705bd1fe9a1264	0	0	0	0	0	0	0	0	0	85	0	0	0	0	0	0	0	0	0	0	0	0	0
e66ad2122c2c8461da587194b3be3ff1	0	0	0	0	0	0	0	0	0	124	0	0	0	0	0	0	0	0	0	0	0	0	0
533a7d1cbdffde7d600224aa04ecb586	0	0	0	0	0	0	0	0	0	44	0	0	0	0	0	0	0	0	0	0	0	0	0
5c67dfae95434bdc767bcda84772e7fa	0	0	0	0	0	0	0	0	0	44	0	0	0	0	0	0	0	0	0	0	0	0	0
3ed1f789cce9062e780b593805e8a1fa	0	0	0	0	0	0	0	0	0	36	0	0	0	0	0	0	0	0	0	0	0	0	0
c67f2ea23becc827f5c0aba9f5576b7d	0	0	0	0	0	0	0	0	0	30	0	0	0	0	0	0	0	0	0	0	0	0	0
403f077aabbcff99aa15eaae6cbc283d	0	0	0	0	0	0	0	0	0	0	13	0	0	0	0	0	0	0	0	0	0	0	0
713c3dde8aa65eb7c7f2e0a3d4e0ba70	36	0	0	0	0	0	0	0	0	0	0	0	0	0	0	0	0	0	0	0	0	0	0
56ec2689a198ff3018898cdf4782d619	0	0	0	0	0	0	0	0	0	0	0	0	0	0	0	0	0	0	0	0	0	0	0
2c5c206ea567772d97b94eddcc469016	0	0	0	0	0	0	0	0	0	0	31	0	0	0	0	0	0	0	0	0	0	0	0
9d666bb7974c35725cf8e11b80256801	0	0	0	0	0	0	0	0	0	58	0	0	0	0	0	0	0	0	0	0	0	0	0
a8c7044e5332d0260cc84f6cc177eea0	0	0	0	0	0	0	0	0	0	39	0	0	0	0	0	0	0	0	0	0	0	0	0
320196db4c38b2e37ec6071ba600c4e3	0	0	0	0	0	0	0	0	0	20	0	0	0	0	0	0	0	0	0	0	0	0	0
fd3634bd8b4dc03e557b7f55de0e5220	0	0	0	0	0	0	0	0	0	32	0	0	0	0	0	0	0	0	0	0	0	0	0
58c3f07afc9981973720218ee3ba94a9	0	0	0	0	0	0	0	0	0	44	0	0	0	0	0	0	0	0	0	0	0	0	0
2244480fb349cf9b10d862e93a7615c3	0	0	0	0	0	0	0	0	0	14	0	0	0	0	0	0	0	0	0	0	0	0	0
7ce64f829ca8ba90f0198c461b548c82	0	0	0	0	0	0	0	0	0	13	0	0	0	0	0	0	0	0	0	0	0	0	0
0bc5d01a9444e4ed649df60b13cb56dc	0	0	0	0	0	0	0	0	0	35	0	0	0	0	0	0	0	0	0	0	0	0	0
9a10cc6446ae13781e169a23b209df08	0	0	0	0	0	0	0	0	0	0	0	0	0	0	0	0	0	0	0	0	39	0	0
6ac45eed9c0b3d378e77746a06c3f552	0	0	0	0	0	0	0	0	0	0	0	0	152	0	0	0	0	0	0	0	0	0	36
28791a195fb16e432f328fc38c217a16	0	0	0	0	22	34	46	0	0	0	0	0	0	23	18	34	0	0	0	0	0	38	0
9a475b184b8ab73b02c58aaa090713a6	0	0	0	0	0	0	0	0	0	0	0	95	0	0	0	0	0	0	0	0	0	0	0
c4f81b616f1c91f7c2cb1180597aaeaa	0	0	0	0	0	0	0	0	0	0	0	0	0	0	0	0	0	0	0	64	0	0	0
348e96d93fe2216ff17f6d4b69770f80	0	0	0	0	0	0	0	0	231	0	0	0	0	0	0	0	0	0	0	0	0	0	0
88b3c6655959f78d6ec30bfd1715fae3	0	0	0	0	0	0	0	0	0	0	0	0	0	0	0	0	0	0	0	61	0	0	0
24e4716fbdc356659ce5d3c8da98f146	0	0	0	0	0	0	0	0	0	43	0	0	0	0	0	0	0	0	0	0	0	0	0
267c2e6e02a0229ac4f909b76263fc60	0	0	0	0	0	0	0	0	0	0	0	0	0	0	0	0	0	0	0	63	0	0	0
483181f68a1997d8d691fc99eb4d8919	0	0	0	0	0	51	0	39	0	65	0	0	0	23	24	37	0	0	0	0	86	30	57
8360592674855ef915d6b68e86872591	0	0	0	0	0	0	0	0	0	0	0	0	0	16	0	0	0	0	0	0	0	0	0
da945c7c3ce3931a026a9980c4962f55	0	0	0	0	22	217	233	130	0	0	0	0	0	156	62	136	0	0	0	63	216	174	251
3f4ffd59d534d93c59fd0f835187f93d	0	11	0	215	528	1983	1823	1125	0	0	0	246	1054	1170	497	1046	0	0	0	630	1108	1582	2086
a8c19eacf281d1ec31ba2f1232a3a317	0	0	0	0	0	255	189	147	0	0	0	0	116	134	49	131	0	0	0	0	176	168	205
bb2ff49da033adba688e290e3668124b	0	0	0	0	98	256	171	91	0	0	0	116	0	93	56	103	0	12	0	0	198	179	169
0207b731da646e007b75ee4a34a346ec	0	0	0	0	89	217	168	94	0	0	0	0	0	88	41	78	0	0	0	203	151	161	206
30c2f40cd5fd759b6bfa62d64fdc3b62	0	0	0	0	14	0	0	0	0	0	0	0	0	0	0	0	0	0	0	0	0	0	0
d47b8e2b5f3593d2a6cceb96adce848a	0	0	0	0	0	0	0	0	0	19	0	0	0	0	0	0	0	0	0	0	0	0	0
7458ae396d889c89277547e30e1d81e4	0	0	0	0	0	0	0	0	0	40	0	0	0	0	0	0	0	0	0	0	0	0	0
c44855bf01fbe041912b42a2776699f7	0	0	0	0	0	0	0	0	0	26	0	0	0	0	0	0	0	0	0	0	0	0	0
d493e6d0078afc6dcf6cc4544e3b8fd2	0	0	0	0	0	0	0	0	0	45	0	0	0	0	0	0	0	0	0	0	0	0	0
1e48e37b881b8a3688ccedb4ae06e954	0	0	0	0	0	0	0	0	0	31	0	0	0	0	0	0	0	0	0	0	0	0	0
ae534a3c3a71532b9bd66243b29053a9	0	0	0	0	0	0	0	0	0	19	0	0	0	0	0	0	0	0	0	0	0	0	0
3486152f581b569e35838ab1b921c36e	0	0	0	0	0	0	0	0	0	25	0	0	0	0	0	0	0	0	0	0	0	0	0
54f88dfe4c6b3adbf445fb708edb5dff	0	0	0	0	0	0	0	0	0	65	0	0	0	0	0	0	0	0	0	0	0	0	0
7b551dcbf7cd8412c309cb31d4a1475d	0	0	0	0	0	0	0	0	0	39	0	0	0	0	0	0	0	0	0	0	0	0	0
e98d758370335b40bead74165d1fc9bd	0	0	0	0	0	0	0	0	0	37	0	0	0	0	0	0	0	0	0	0	0	0	0
2205d77b056f990e7de59afb4913e55e	0	0	0	0	0	0	0	0	0	40	0	0	0	0	0	0	0	0	0	0	0	0	0
cfcf71ec574a110799d67184a9997dbe	0	0	0	0	0	0	0	0	0	13	0	0	0	0	0	0	0	0	0	0	0	0	0
8fab64859e1298844025c39d1ef7edbc	0	0	0	0	0	0	0	0	0	42	0	0	0	0	0	0	0	0	0	0	0	0	0
7da9afbdffc9ce1f0064de56917fdc0e	0	0	0	0	0	0	0	0	0	19	0	0	0	0	0	0	0	0	0	0	0	0	0
84b9f2715b7381dfdec291c916f61662	0	0	0	0	0	0	0	0	0	0	0	0	0	0	0	0	0	0	0	0	0	0	0
1b11d3889c6c7137078b1812628b327b	0	0	0	0	0	0	0	0	0	33	0	0	0	0	0	0	0	0	0	0	0	0	0
773d84f28548ea6c5d0257760debea79	0	0	27	0	0	0	0	0	0	0	0	0	0	0	0	0	0	0	0	0	0	0	0
540cf7e89578fe2d8efc2ed289aa5d85	0	0	0	0	0	0	0	0	0	0	0	0	0	0	0	0	0	11	0	0	0	0	0
578ebb5c9151678a0c2a6cd159f52a74	0	0	0	0	0	0	0	0	0	0	14	0	0	0	0	0	0	0	0	0	0	0	0
d73b3c05f11f2ae2c7bab6ec1695cc40	0	0	0	0	0	0	0	0	38	0	0	0	0	0	0	0	0	0	0	0	0	0	0
6683d124b7cef6f6677822fd8c9e4303	0	0	324	0	0	0	0	0	0	0	0	0	0	0	0	0	0	0	0	0	0	0	0
89c0de0b7f79cbb0eea102c260910fff	62	0	0	0	0	0	0	0	0	0	0	0	0	0	0	0	0	0	0	0	0	0	0
ca697edc4bc4a056dee0968a79b6a657	0	0	0	0	0	0	0	0	73	0	0	0	0	0	0	0	0	0	0	0	0	0	0
d56197598d1532f38f293d10627c0e44	0	0	0	0	0	0	0	0	0	18	0	0	0	0	0	0	0	0	0	0	0	0	0
4b3b69aa5b7982908c0f4f914e3d9cad	0	0	0	0	0	0	0	0	0	38	0	0	0	0	0	0	0	0	0	0	0	0	0
7becca3d389a2f1ab274d45ea5b65a33	0	0	0	0	0	0	0	0	0	24	0	0	0	0	0	0	0	0	0	0	0	0	0
80932a88e4a19bacf01786f20f6bb572	0	0	0	0	0	0	0	0	0	71	0	0	0	0	0	0	0	0	0	0	0	0	0
eb77b9fb755c497680ea35fa445bf333	0	0	0	0	0	0	0	0	0	0	0	0	0	0	0	0	0	0	0	0	13	0	0
d0278f9ec8dcfe8c8d4bb1a2277feac2	0	0	0	0	0	0	0	0	0	40	0	0	0	0	0	0	0	64	0	0	0	0	0
3dd69892d4ab2ca009d4b4984e4c77a5	0	0	0	0	0	0	0	0	274	0	0	0	0	0	0	0	0	0	0	0	0	0	0
d6c445dfd866aaca0d2907691671c89a	0	0	0	0	0	0	0	0	0	32	0	0	0	0	0	0	0	0	0	0	0	0	0
ab22641db08815b737013b82074a54d7	0	0	0	0	0	0	0	0	0	32	0	0	0	0	0	0	0	0	0	0	0	0	0
9321e02e222c58fb19b4aaa201cc3558	0	0	0	0	0	0	3	0	0	0	0	0	0	0	0	0	0	0	0	0	0	0	0
7cc194b04ea53327b6c7ece11aca6a22	0	0	0	0	0	0	0	0	0	0	0	0	0	0	0	0	0	0	0	0	2	0	0
9202b0c5f8aab0908ba52dc6903e4cb4	0	0	0	0	0	0	0	0	0	0	0	0	0	0	0	15	0	0	0	0	0	0	0
694fff2a483e5ff57cee040200576e3b	0	0	0	0	0	0	0	0	0	0	0	0	0	0	0	7	0	0	0	0	0	0	0
bc79fa6c07caa46128eab8cc757daae3	0	0	0	0	0	0	3	0	0	0	0	0	0	0	0	0	0	0	0	0	0	0	0
9d610d0a2d058acafa5f9baa97926400	0	0	0	0	0	0	0	0	0	0	0	0	0	0	0	0	0	0	2	0	0	0	0
598e18d352d5bcc79468a1345ac30381	0	0	0	0	0	2	0	0	0	0	0	0	0	0	0	0	0	0	0	0	0	0	0
7f5e8dc22b23b8ed14eff6980b7ef14a	0	4	0	0	0	0	0	0	0	0	0	0	0	0	0	0	0	0	0	0	0	0	0
0bee3bf0d13bf5927605ca014eecc59e	0	0	0	0	0	0	3	0	0	0	0	0	0	0	0	0	0	0	0	0	0	0	0
7448f96074bf840e215fdce3a9e6986b	0	0	0	0	0	0	4	0	0	0	0	0	0	0	0	0	0	0	0	0	3	0	0
b93341d7c7370712cde99d0b638aee78	0	0	0	0	0	3	0	0	0	0	0	0	0	0	0	0	0	0	0	0	0	0	0
438828b34e0e688f1d61e22b53caea98	0	0	0	0	0	17	0	0	0	0	0	0	0	0	0	0	0	0	0	0	0	0	0
1fb736233ae77fd174037fffd3d3f378	0	0	0	0	0	0	5	0	0	0	0	0	0	0	0	0	0	0	0	0	0	0	0
493526bf67a2bdaf3c19676e04bf1ad0	0	0	0	0	0	0	4	0	0	0	0	0	0	0	0	0	0	0	0	0	0	0	0
