asv_id	Kingdom	Phylum	Class	Order	Family	Genus	Species
a1e2b28fb788c9542caf556c169bd434	Bacteria	Proteobacteria	Alphaproteobacteria	Rhizobiales	Hyphomicrobiaceae	Hyphomicrobium	NA
515ecf421a951bc274a7daaa791dc894	Bacteria	Proteobacteria	Alphaproteobacteria	Rhodobacterales	Rhodobacteraceae	Paracoccus	Paracoccus_yeei_G1212_ATCC_BAA-599(NR029038)
6cba61242453f471b9c15fdcb5026986	Bacteria	Proteobacteria	Alphaproteobacteria	Rhizobiales	Rhizobiaceae	NA	NA
22945a8897a69e181c49fe173357afa4	Bacteria	Proteobacteria	Alphaproteobacteria	Rhizobiales	Rhizobiaceae	NA	NA
10632594b60ae4615aae7cff00a1ab1d	Bacteria	Proteobacteria	Alphaproteobacteria	Rhizobiales	Xanthobacteraceae	Labrys	Labrys_monachus_VKM_B-1479(NR025581)
a4e67b9bc76b406c5803bc1115a265c3	Bacteria	Proteobacteria	Alphaproteobacteria	Rhizobiales	Phyllobacteriaceae	Mesorhizobium	NA
c399690af99a1c262418ded35a3ec6ba	Bacteria	Proteobacteria	Alphaproteobacteria	Rhizobiales	Phyllobacteriaceae	Phyllobacterium	Phyllobacterium_myrsinacearum_NBRC_100019(NR113874)
9f80555aa10d6449287fc6c13747633f	Bacteria	Proteobacteria	Alphaproteobacteria	Rhizobiales	Phyllobacteriaceae	Phyllobacterium	Phyllobacterium_myrsinacearum_NBRC_100019(NR113874)
1f1f94e2c39cd0e579eee31d65aea2cc	Bacteria	Proteobacteria	Alphaproteobacteria	NA	NA	NA	NA
fa9ed33ad68493030adb1088fa3002f3	Bacteria	Proteobacteria	Alphaproteobacteria	Rhizobiales	Xanthobacteraceae	Labrys	Labrys_monachus_VKM_B-1479(NR025581)
8b776aee914dfda17962950faac41b41	Bacteria	Proteobacteria	Alphaproteobacteria	Sphingomonadales	Sphingomonadaceae	Sphingomonas	NA
672f8669b779aac0f82dde2176d24772	Bacteria	Proteobacteria	Alphaproteobacteria	Sphingomonadales	Sphingomonadaceae	Sphingomonas	Sphingomonas_leidyi_ATCC_15260(NR025324)
e0ac8c83c67c23b62496f045f2699552	Bacteria	Proteobacteria	Alphaproteobacteria	Sphingomonadales	Sphingomonadaceae	Sphingobium	NA
10b587c79cce374aed733f79d1a50652	Bacteria	Proteobacteria	Deltaproteobacteria	Myxococcales	Labilitrichaceae	Labilithrix	Labilithrix_luteola_B00002(NR126182)
4bc24278f06a247de30ee28700e420e6	Bacteria	Proteobacteria	Deltaproteobacteria	Myxococcales	Labilitrichaceae	Labilithrix	Labilithrix_luteola_B00002(NR126182)
e8849b7137e82a4e63059c4e7268ff01	Eukaryota	Streptophyta	Magnoliopsida	Poales	Poaceae	Triticum	Triticum_aestivum(AP013053)
e081418fea7c571d983673958bad7f0e	Bacteria	Proteobacteria	Alphaproteobacteria	Sphingomonadales	Sphingomonadaceae	Sphingomonas	Sphingomonas_echinoides_DSM_1805(NR114697)
6859a8d53d59d2aa7193210fc46505c7	Bacteria	Proteobacteria	Alphaproteobacteria	Sphingomonadales	Sphingomonadaceae	Sphingomonas	Sphingomonas_echinoides_DSM_1805(NR114697)
46d91d6b03e3affa57547751a0e08b9f	Bacteria	Proteobacteria	Alphaproteobacteria	Rhizobiales	Bradyrhizobiaceae	Bradyrhizobium	NA
9d73e3d26817b6df6e826b55972bd883	Bacteria	Proteobacteria	Alphaproteobacteria	Rhizobiales	Methylobacteriaceae	Methylobacterium	Methylobacterium_cerastii_C15(NR117118)
6c21129697cf5ff63c00f1015369f55a	Bacteria	Proteobacteria	Alphaproteobacteria	Rhizobiales	Bradyrhizobiaceae	Bosea	NA
7183dace16149785b6e554abb623131c	Bacteria	Proteobacteria	Alphaproteobacteria	Rhizobiales	Bradyrhizobiaceae	Bradyrhizobium	NA
f58acbe140ddb4de8b917ce42a8800d7	Bacteria	Proteobacteria	Alphaproteobacteria	Rhizobiales	Methylobacteriaceae	Methylobacterium	Methylobacterium_persicinum_002-165(NR041442)
b7da7f8eeca4712a739c4e8a6bdfa5c1	Bacteria	Proteobacteria	Alphaproteobacteria	Rhizobiales	Methylobacteriaceae	Methylobacterium	Methylobacterium_persicinum_002-165(NR041442)
ce2cd3a4c5f71850c971505e5aea514b	Bacteria	Proteobacteria	Alphaproteobacteria	Rhizobiales	Methylobacteriaceae	Methylobacterium	Methylobacterium_persicinum_002-165(NR041442)
50506d79cbf8da55e9b973a4acc815da	Bacteria	Proteobacteria	Alphaproteobacteria	Rhizobiales	Methylobacteriaceae	Methylobacterium	Methylobacterium_radiotolerans_JCM_2831_JCM_2831(NR074244)
46f146bb6d5237813ceb53531f541088	Bacteria	Proteobacteria	Alphaproteobacteria	Rhizobiales	Methylobacteriaceae	Methylobacterium	NA
6231b9a2e29ca0c1bc6d7522f95b8a52	Bacteria	Proteobacteria	Alphaproteobacteria	Rhizobiales	Bradyrhizobiaceae	NA	NA
ed85b271168f923099279d2e666d2d5b	Bacteria	Proteobacteria	Alphaproteobacteria	Rhizobiales	Bradyrhizobiaceae	Bradyrhizobium	NA
2cce0f7944a0c4c2ba4a9a42f773cf7a	Bacteria	Proteobacteria	Alphaproteobacteria	Rhizobiales	Bradyrhizobiaceae	Afipia	NA
56a53f5d34da64dba778411e94141b24	Bacteria	Proteobacteria	Alphaproteobacteria	Rhizobiales	Bradyrhizobiaceae	Bradyrhizobium	NA
e65851a046605a6933f4dae2c621e907	Bacteria	Proteobacteria	Alphaproteobacteria	Rhizobiales	Bradyrhizobiaceae	Bradyrhizobium	NA
9415c3f4daf7dcd5b1283f4503a46395	Bacteria	Proteobacteria	Gammaproteobacteria	Xanthomonadales	Rhodanobacteraceae	Rudaea	Rudaea_cellulosilytica_KIS3-4(NR044566)
f2f69fe46f5144c2a9014986ce390ed4	Bacteria	Proteobacteria	Gammaproteobacteria	Xanthomonadales	Xanthomonadaceae	Stenotrophomonas	NA
4303173cdcd916067bdb3f2abda3237e	Bacteria	Proteobacteria	Gammaproteobacteria	Xanthomonadales	Xanthomonadaceae	Pseudoxanthomonas	Pseudoxanthomonas_koreensis_T7-09(NR042972)
fdccaa414655bad46abe3e0f20522e75	Bacteria	Proteobacteria	Betaproteobacteria	Burkholderiales	Alcaligenaceae	Achromobacter	Achromobacter_insolitus_LMG_6003(NR025685)
6bc0f96b12f6a72b35422900dd3888af	Bacteria	Proteobacteria	Betaproteobacteria	Burkholderiales	Alcaligenaceae	Alcaligenes	Alcaligenes_faecalis_NBRC_13111(NR113606)
b660ec55c7c702c090e79d6712eeb0d0	Bacteria	Proteobacteria	Betaproteobacteria	Burkholderiales	Alcaligenaceae	Achromobacter	NA
8520abd9d384b7243874750ec6df54e0	Bacteria	Proteobacteria	Gammaproteobacteria	Enterobacterales	Enterobacteriaceae	NA	NA
69a5f1e5f26e79fbd15404de7b82157b	Bacteria	Proteobacteria	Gammaproteobacteria	Enterobacterales	Enterobacteriaceae	Shigella	Shigella_sonnei_CECT_4887(NR104826)
21bf2684ff64094a84b7c3e00d896db1	Bacteria	Proteobacteria	Gammaproteobacteria	Enterobacterales	Enterobacteriaceae	NA	NA
a371bfb828c4f6e1dbc03f521ae93c47	Bacteria	Proteobacteria	Gammaproteobacteria	Enterobacterales	Enterobacteriaceae	Escherichia	Escherichia_fergusonii_ATCC_35469_ATCC_35469(NR074902)
31edd9613dc36628a5a55028e23eaa6a	Bacteria	Proteobacteria	Gammaproteobacteria	Enterobacterales	Enterobacteriaceae	Shigella	NA
2a678ac3728bdb8cccf02ef501477f3f	Bacteria	Proteobacteria	Gammaproteobacteria	Enterobacterales	Enterobacteriaceae	NA	NA
bbc4edcbda3181bfd8621ddd50cb23dc	Bacteria	Proteobacteria	Gammaproteobacteria	Enterobacterales	Enterobacteriaceae	Citrobacter	NA
36bc1d7e99f0b0c3f1dfc07612177436	Bacteria	Proteobacteria	Gammaproteobacteria	Pseudomonadales	Pseudomonadaceae	Pseudomonas	NA
7309f45816dbb68ee38b261116e4736b	Bacteria	Proteobacteria	Gammaproteobacteria	Pseudomonadales	Pseudomonadaceae	Pseudomonas	NA
add6cd3b4bd6a14e92a22940b85d131a	Bacteria	Proteobacteria	Gammaproteobacteria	Pseudomonadales	Pseudomonadaceae	Pseudomonas	Pseudomonas_mosselii_CFML_90-83(NR024924)
e9fab8021c0935962ce548a2b0f461e4	Bacteria	Proteobacteria	Gammaproteobacteria	Pseudomonadales	Pseudomonadaceae	Pseudomonas	Pseudomonas_fluvialis_ASS-1(NR159318)
b08b5842dc1bce82088c04f4b60dacae	Bacteria	Proteobacteria	Gammaproteobacteria	Pseudomonadales	Pseudomonadaceae	Pseudomonas	Pseudomonas_fluvialis_ASS-1(NR159318)
1710e2b60e7789ed9123ccd088cbfb93	Bacteria	Proteobacteria	Gammaproteobacteria	Pseudomonadales	Pseudomonadaceae	Pseudomonas	Pseudomonas_azotifigens_6H33b(NR041247)
4a5cece2d6c9da74bb320a13582ca3c5	Bacteria	Proteobacteria	Gammaproteobacteria	Pseudomonadales	Pseudomonadaceae	Pseudomonas	Pseudomonas_azotifigens_6H33b(NR041247)
3444f19e0cb194dfbd485cc396c59f71	Bacteria	Proteobacteria	Gammaproteobacteria	Pasteurellales	Pasteurellaceae	Haemophilus	Haemophilus_parainfluenzae_ATCC_33392_CIP_102513(NR116168)
da926e9a57782639281b0e07d1f17482	Bacteria	Proteobacteria	Gammaproteobacteria	Pasteurellales	Pasteurellaceae	Aggregatibacter	NA
6addf19126a608534e5e996193ced91d	Bacteria	Proteobacteria	Gammaproteobacteria	Pseudomonadales	Moraxellaceae	Acinetobacter	Acinetobacter_lwoffii_JCM_6840(NR113346)
746a00faf75f229a0620f644e16878b6	Bacteria	Proteobacteria	Gammaproteobacteria	Pseudomonadales	Moraxellaceae	Acinetobacter	NA
d0e0d1247851da0b148626b958721791	Bacteria	Proteobacteria	Gammaproteobacteria	Pseudomonadales	Moraxellaceae	Acinetobacter	Acinetobacter_lwoffii_JCM_6840(NR113346)
e9aa42b11c118bb0e94dd29127522c58	Bacteria	Proteobacteria	Gammaproteobacteria	Pseudomonadales	Moraxellaceae	Acinetobacter	NA
f0450a3812a0e180e488e69596bbdaa2	Bacteria	Proteobacteria	Gammaproteobacteria	Pseudomonadales	Moraxellaceae	Acinetobacter	Acinetobacter_johnsonii_ATCC_17909(NR164627)
4e002495f6160b49778386c69b68ade4	Bacteria	Proteobacteria	Gammaproteobacteria	Pseudomonadales	Moraxellaceae	Acinetobacter	Acinetobacter_johnsonii_ATCC_17909(NR164627)
d96bb35647082669209d1353461b2d9a	Bacteria	Proteobacteria	Gammaproteobacteria	Pseudomonadales	Moraxellaceae	Acinetobacter	NA
c9384aec9b6581bb3b02ca4df519788d	Bacteria	Proteobacteria	Gammaproteobacteria	Pseudomonadales	Moraxellaceae	Acinetobacter	Acinetobacter_johnsonii_ATCC_17909(NR164627)
ee2df3a6a351e4a1556d76d0a68abfb3	Bacteria	Proteobacteria	Gammaproteobacteria	Pseudomonadales	Moraxellaceae	Acinetobacter	NA
e2cb6f13125fadef1ef989d673b4ca1e	Bacteria	Proteobacteria	Gammaproteobacteria	Pseudomonadales	Moraxellaceae	Acinetobacter	NA
38cce7e8affa2bb3eae864e3975cafef	Bacteria	Proteobacteria	Gammaproteobacteria	Pseudomonadales	Moraxellaceae	Acinetobacter	NA
67dc8a1ce7192eae006846840e42a996	Bacteria	Proteobacteria	Gammaproteobacteria	Pseudomonadales	Moraxellaceae	Acinetobacter	NA
4e5598eeecdc16759ef13a006ba16087	Bacteria	Proteobacteria	Betaproteobacteria	Burkholderiales	Burkholderiaceae	Burkholderia	Burkholderia_ambifaria_AMMD(NR074687)
179786cf206000c3fa84512b1aef9392	Bacteria	Proteobacteria	Betaproteobacteria	Burkholderiales	Burkholderiaceae	Burkholderia	NA
a82767ec9126bcee6b88cbab8f3c0edf	Bacteria	Proteobacteria	Betaproteobacteria	Burkholderiales	Burkholderiaceae	Burkholderia	Burkholderia_lata_383(CP000150)
ee7b1447e92aa7f5df90996c5a28142d	Bacteria	Proteobacteria	Betaproteobacteria	Burkholderiales	Burkholderiaceae	Burkholderia	NA
a000cf837b3485703587e0bf07d1c27c	Bacteria	Proteobacteria	Betaproteobacteria	Burkholderiales	Burkholderiaceae	Burkholderia	Burkholderia_stabilis_LMG_14294(NR041719)
ec690c821c3d2d00072a5aaecd0ce0e3	Bacteria	Proteobacteria	Betaproteobacteria	Burkholderiales	Burkholderiaceae	Burkholderia	Burkholderia_ambifaria_AMMD(NR074687)
9ce7926de35ad00a83670e990d6f4e4b	Bacteria	Proteobacteria	Betaproteobacteria	Burkholderiales	Burkholderiaceae	Ralstonia	Ralstonia_insidiosa_AU2944_LMG_21421(NR025242)
ec3375600e948aae2b82c4b74ff52f7b	Bacteria	Proteobacteria	Hydrogenophilalia	Hydrogenophilales	Hydrogenophilaceae	Hydrogenophilus	Hydrogenophilus_hirschii_Yel5a(NR104788)
30353cd87bfd59facd2e4b29c85c72e2	Bacteria	Proteobacteria	Betaproteobacteria	Burkholderiales	Comamonadaceae	Delftia	Delftia_acidovorans_NBRC_14950(NR113708)
669e097d8c4c10e239702fe44197660e	Bacteria	Proteobacteria	Betaproteobacteria	Burkholderiales	Comamonadaceae	Delftia	Delftia_acidovorans_NBRC_14950(NR113708)
d5cecdc2b9fec191d2dbd99ea7d377a0	Bacteria	Proteobacteria	Betaproteobacteria	Burkholderiales	Comamonadaceae	Diaphorobacter	Diaphorobacter_nitroreducens_NA10B(NR024782)
e6b62a4f15bef5307bd6b18c35e33713	Bacteria	Proteobacteria	Betaproteobacteria	Burkholderiales	Comamonadaceae	Diaphorobacter	Diaphorobacter_nitroreducens_NA10B(NR024782)
aa2d28e89f495b17511d805677a6e5ce	Bacteria	Proteobacteria	Betaproteobacteria	Burkholderiales	Comamonadaceae	Diaphorobacter	Diaphorobacter_nitroreducens_NA10B(NR024782)
4aa5b65b07de383905e075ac7b0d623e	Bacteria	Proteobacteria	Betaproteobacteria	Burkholderiales	Comamonadaceae	Acidovorax	Acidovorax_radicis_N35_N35(NR117776)
986b3a44f128e39d79db3283f7eb1a61	Bacteria	Proteobacteria	Betaproteobacteria	Burkholderiales	Comamonadaceae	Comamonas	Comamonas_denitrificans_123_ATCC_700936(NR025080)
e031a11959dd22909c944bb5d3d692d0	Bacteria	Proteobacteria	Betaproteobacteria	Burkholderiales	Comamonadaceae	Comamonas	Comamonas_denitrificans_123_ATCC_700936(NR025080)
8bcfe46c670b0fba9bac7ac6c5f02461	Bacteria	Proteobacteria	Betaproteobacteria	Burkholderiales	Comamonadaceae	Pelomonas	Pelomonas_saccharophila_NBRC_103037(NR114189)
07f50093318cfe681b2dcbb92f4b533e	Bacteria	Proteobacteria	Gammaproteobacteria	Legionellales	Legionellaceae	Legionella	Legionella_rowbothamii_LLAP6(NR036804)
7227f6515e37823c47fa5b9c75b25491	Bacteria	Proteobacteria	Betaproteobacteria	Burkholderiales	Sutterellaceae	Sutterella	Sutterella_wadsworthensis_WAL_9799(NR117778)
5d58ed731b74d6c40837a300cf563f4d	Bacteria	Proteobacteria	Gammaproteobacteria			Acidibacter	Acidibacter_ferrireducens_MCF85(NR126260)
2667679bdae429afde2ff47ced72d40f	Bacteria	Actinobacteria	Rubrobacteria	Rubrobacterales	Rubrobacteraceae	Rubrobacter	NA
c01dfa7f2dd37fbaddd4009e54d5f02b	Bacteria	Firmicutes	Clostridia	Clostridiales	Ruminococcaceae	Gemmiger	Gemmiger_formicilis_X2-56(NR104846)
564cfc1b813d0dcfc413e8f678f52d25	Bacteria	Firmicutes	Clostridia	Clostridiales	Ruminococcaceae	NA	NA
2d5c8b2e82ba9d1f5c85786457b73684	Bacteria	Firmicutes	Clostridia	Clostridiales	Ruminococcaceae	NA	NA
e62608f9454344fe4b4790eccc065558	Bacteria	Firmicutes	Clostridia	Clostridiales	Ruminococcaceae	Faecalibacterium	Faecalibacterium_prausnitzii_ATCC_27768(NR028961)
93e6b27d60dcd4e84a9a14521b7d9ddd	Bacteria	Firmicutes	Clostridia	Clostridiales	Ruminococcaceae	Faecalibacterium	Faecalibacterium_prausnitzii_ATCC_27768(NR028961)
9669ee810f3277012b250b32aba2e01f	Bacteria	Firmicutes	Clostridia	Clostridiales	Ruminococcaceae	Faecalibacterium	Faecalibacterium_prausnitzii_ATCC_27768(NR028961)
a3173aa9b8542999e21fd625644b470f	Bacteria	Firmicutes	Clostridia	Clostridiales	Ruminococcaceae	Faecalibacterium	Faecalibacterium_prausnitzii_ATCC_27768(NR028961)
ef9b5867e1947bf61d20cf88456198b5	Bacteria	Firmicutes	Clostridia	Clostridiales	Ruminococcaceae	Faecalibacterium	Faecalibacterium_prausnitzii_ATCC_27768(NR028961)
8dee95b526f04da13d4ea6327da6f37b	Bacteria	Firmicutes	Clostridia	Clostridiales	Ruminococcaceae	Faecalibacterium	Faecalibacterium_prausnitzii_ATCC_27768(NR028961)
12f3af4098418b7858027ee46424b8e1	Bacteria	Firmicutes	Clostridia	Clostridiales	Ruminococcaceae	Faecalibacterium	Faecalibacterium_prausnitzii_ATCC_27768(NR028961)
17c5e139515da1723173b5f8a4212cf2	Bacteria	Firmicutes	Clostridia	Clostridiales	Ruminococcaceae	Faecalibacterium	Faecalibacterium_prausnitzii_ATCC_27768(NR028961)
b67117fc07c34d62f506b33aa795abf1	Bacteria	Firmicutes	Clostridia	Clostridiales	Ruminococcaceae	Faecalibacterium	Faecalibacterium_prausnitzii_ATCC_27768(NR028961)
124390a1777e4653b9155622a7ae4979	Bacteria	Firmicutes	Clostridia	Clostridiales	Ruminococcaceae	Faecalibacterium	Faecalibacterium_prausnitzii_ATCC_27768(NR028961)
7146647c6545fbc3dc0e0d9cf3354634	Bacteria	Firmicutes	Clostridia	Clostridiales	Ruminococcaceae	Faecalibacterium	Faecalibacterium_prausnitzii_ATCC_27768(NR028961)
9607e2eba4448373733f950a81ee9d06	Bacteria	Firmicutes	Clostridia	Clostridiales	Ruminococcaceae	Faecalibacterium	Faecalibacterium_prausnitzii_ATCC_27768(NR028961)
5310a725831877b038510255015e4664	Bacteria	Firmicutes	Clostridia	Clostridiales	Ruminococcaceae	Phocea	Phocea_massiliensis_Marseille-P2769(NR144748)
169082aba26738e0885be2429a4c4ac6	Bacteria	Firmicutes	Clostridia	Clostridiales	Ruminococcaceae	Anaerotruncus	Anaerotruncus_rubiinfantis_MT15(NR147398)
fb5d45ef40399b6922948a4d889b9f72	Bacteria	Firmicutes	Clostridia	Clostridiales	Ruminococcaceae	Gemmiger	Gemmiger_formicilis_X2-56(NR104846)
9e9864ada47b105ffdb0b80bcb0e3730	Bacteria	Firmicutes	Clostridia	Clostridiales	Ruminococcaceae	Anaerotruncus	NA
2262f14d2b6e74a20422a2c9004016dd	Bacteria	Firmicutes	Clostridia	Clostridiales	Ruminococcaceae	Subdoligranulum	Subdoligranulum_variabile_BI_114_CCUG_47106_DSM_15176(NR028997)
314ffac6d83390ea9a4311638c66274a	Bacteria	Firmicutes	Clostridia	Clostridiales	Ruminococcaceae	Anaerotruncus	Anaerotruncus_rubiinfantis_MT15(NR147398)
a2b296f2b030e1581a35c78c01e1889c	Bacteria	Firmicutes	Tissierellia	Tissierellales	Peptoniphilaceae	Peptoniphilus	Peptoniphilus_indolicus_GIFU_7848(NR115509)
64b364993d0b7ffea616577549335cee	Bacteria	Firmicutes	Clostridia	Clostridiales	NA	NA	NA
b8bcb07d0805ea5ecf2cafd61798b86c	Bacteria	Firmicutes	Clostridia	Clostridiales	NA	NA	NA
3181fc64b3f76432d16493d7d9801c7e	Bacteria	Firmicutes	Clostridia	Clostridiales	Ruminococcaceae	Ruminococcus	Ruminococcus_bromii_ATCC_27255(NR025930)
6e312b099219839a4c4b578240b35693	Bacteria	Firmicutes	Clostridia	Clostridiales	Ruminococcaceae	Ruminococcus	Ruminococcus_bromii_ATCC_27255(NR025930)
405c94c3199a0fba5e73e094998700d3	Bacteria	Firmicutes	Clostridia	Clostridiales	Ruminococcaceae	Ruminococcus	Ruminococcus_bromii_ATCC_27255(NR025930)
2c67bb7934fa1ea1e6b9d3704fd2aa04	Bacteria	Firmicutes	Clostridia	Clostridiales	Ruminococcaceae	Ruminococcus	Ruminococcus_bromii_ATCC_27255(NR025930)
a0730ec6c89feb108ce85c57371c1d7f	Bacteria	Firmicutes	Clostridia	Clostridiales	Ruminococcaceae		Clostridium_leptum_DSM_753(NR114789)
33148268387422c91db1a288c6a7f8e1	Bacteria	Firmicutes	Clostridia	Clostridiales	Ruminococcaceae	Neglecta	Neglecta_timonensis_SN17(NR144736)
c86c59ecf3966174857f09a3b3fcb631	Bacteria	Firmicutes	Clostridia	Clostridiales	Clostridiaceae	Clostridium	Clostridium_nitrophenolicum_1D(NR042516)
5ed9f5e5cf1eec1868379dbaee5722ea	Bacteria	Firmicutes	Clostridia	Clostridiales	Clostridiaceae	Clostridium	Clostridium_nitrophenolicum_1D(NR042516)
7eec2ffd0f771014ee6c96c90613c307	Bacteria	Firmicutes	Clostridia	Clostridiales	Clostridiaceae	Clostridium	Clostridium_nitrophenolicum_1D(NR042516)
5fb4a8ed64044c5d5049112cfa97edb0	Bacteria	Firmicutes	Clostridia	Clostridiales	Clostridiaceae	Clostridium	Clostridium_nitrophenolicum_1D(NR042516)
b01d74591da13d0cc115c0e32e1b2336	Bacteria	Firmicutes	Clostridia	Clostridiales	Clostridiaceae	Clostridium	Clostridium_nitrophenolicum_1D(NR042516)
4d57f2afbdb934d883a5c47902f9e225	Bacteria	Firmicutes	Clostridia	Clostridiales	Clostridiaceae	Clostridium	Clostridium_nitrophenolicum_1D(NR042516)
cf4dd8b46311b1ca7e9c1fa5356aae1d	Bacteria	Firmicutes	Clostridia	Clostridiales	Clostridiaceae	Clostridium	Clostridium_nitrophenolicum_1D(NR042516)
32645a0f3363167845215934882c6e8d	Bacteria	Firmicutes	Clostridia	Clostridiales	Clostridiaceae	Clostridium	Clostridium_nitrophenolicum_1D(NR042516)
2d508cf8dfab498d504b3c6aa0dde5c6	Bacteria	Firmicutes	Clostridia	Clostridiales	Clostridiaceae	Clostridium	Clostridium_nitrophenolicum_1D(NR042516)
1b7d19a6ffc8299b8ad7b3605438b9ea	Bacteria	Firmicutes	Clostridia	Clostridiales	NA	NA	NA
c434e1db0747ab8f5fe81c01ba805e18	Bacteria	Firmicutes	Clostridia	Clostridiales	NA	NA	NA
f3b523c02ccf7990d0e70d87d3f34abf	Bacteria	Firmicutes	Clostridia	Clostridiales	NA	NA	NA
85122775e41b26ab6586e0813db60dd6	Bacteria	Firmicutes	Bacilli	Bacillales	Listeriaceae	Listeria	Listeria_monocytogenes_NCTC_10357(NR044823)
61c994c6ebba6ce7ce68885844aa684c	Bacteria	Firmicutes	Bacilli	Bacillales	Listeriaceae	Listeria	Listeria_monocytogenes_NCTC_10357(NR044823)
85e803bff70261bd24bc503cfff49a5e	Bacteria	Firmicutes	Bacilli	Bacillales	Listeriaceae	Listeria	NA
f656c568e06af13886fc1fc312b0915d	Bacteria	Firmicutes	Bacilli	Bacillales	Listeriaceae	Listeria	Listeria_monocytogenes_NCTC_10357(NR044823)
f62f4746f0039f4c9ec1fc08f98a43b6	Bacteria	Firmicutes	Bacilli	Lactobacillales	Lactobacillaceae	Ligilactobacillus	Lactobacillus_ruminis_NBRC_102161(NR041611)
90907160f5cbcb06128905d13e02eba6	Bacteria	Firmicutes	Bacilli	Lactobacillales	Enterococcaceae	Enterococcus	NA
0bb8394038cfa6b3916856bac6b8162a	Bacteria	Firmicutes	Bacilli	Lactobacillales	Carnobacteriaceae	Trichococcus	NA
e8a08b96c3c7c759b392c3538a96126e	Bacteria	Firmicutes	Bacilli	Lactobacillales	Lactobacillaceae	Lactobacillus	Lactobacillus_crispatus_ATCC_33820(NR041800)
8d99ca3b6a7b244c5fe583b4992c03e3	Bacteria	Firmicutes	Bacilli	Lactobacillales	Lactobacillaceae	Lactobacillus	Lactobacillus_crispatus_ATCC_33820(NR041800)
1e3ed56b0bef7fd2d5c25d344e54c579	Bacteria	Firmicutes	Bacilli	Lactobacillales	Lactobacillaceae	Lactobacillus	Lactobacillus_iners_DSM_13335_CCUG_28746(NR036982)
df02857d66fe45175cdad35e210db2fc	Bacteria	Firmicutes	Bacilli	Bacillales	Planococcaceae	Planococcus	Planococcus_kocurii_NBRC_15850(NR113815)
c7d304db0fe9ff127c37ba44c6b71573	Bacteria	Firmicutes	Bacilli	Bacillales	Planococcaceae	Planococcus	Planococcus_kocurii_NBRC_15850(NR113815)
965a2368829e4ee565310e229078f876	Bacteria	Firmicutes	Bacilli	Bacillales	Bacillaceae	Bacillus	NA
b4d2f416ef9d39a82cbf47be6df210d4	Bacteria	Firmicutes	Bacilli	Bacillales	Bacillaceae	Bacillus	NA
b819e20a4283b43d05bfc9582a023cd3	Bacteria	Firmicutes	Bacilli	Bacillales	Bacillaceae	Bacillus	NA
5cecbb426260b43c3ae1f0b917b667f2	Bacteria	Firmicutes	Bacilli	Bacillales	Bacillaceae	Bacillus	NA
825004565c72fa7f8af6d13eb5c13089	Bacteria	Firmicutes	Bacilli	Bacillales	Bacillaceae	Bacillus	NA
4e2d5343be2e5618f08ada9e1e4233b6	Bacteria	Firmicutes	Bacilli	Bacillales	Bacillaceae	Bacillus	NA
3602edff6fa599104565ef17126b22ee	Bacteria	Firmicutes	Bacilli	Bacillales	Bacillaceae	Bacillus	Bacillus_coagulans_NBRC_12583(NR041523)
84d5b07b95e847179784225662e1d0fe	Bacteria	Firmicutes	Bacilli	Lactobacillales	Streptococcaceae	Streptococcus	NA
0877169f3e2eaa5c2e1f21c93d793b7b	Bacteria	Firmicutes	Bacilli	Lactobacillales	Streptococcaceae	Streptococcus	NA
9149738804052fb75a71916329502835	Bacteria	Firmicutes	Negativicutes	Veillonellales	Veillonellaceae	Megasphaera	Megasphaera_indica_NMBHI-10(NR134080)
d3568737cdf980371d61078b870959c2	Bacteria	Firmicutes	Clostridia	Clostridiales	Oscillospiraceae	Oscillibacter	NA
ab10aa361f6659d977d1e09adc9294e8	Bacteria	Firmicutes	Clostridia	Clostridiales	Ruminococcaceae	NA	NA
755be142acca75abcac85efd84b936cb	Bacteria	Firmicutes	Clostridia	Clostridiales	Oscillospiraceae	Oscillibacter	Oscillibacter_valericigenes_Sjm18-20(NR041340)
cb50268608b53f69a276f000891b3059	Bacteria	Actinobacteria	Actinobacteria	Micrococcales	Microbacteriaceae	Leifsonia	Leifsonia_lichenia_2Sb(NR112644)
045705fd61c9f42c064881b2f4553749	Bacteria	Actinobacteria	Actinobacteria	Micrococcales	Microbacteriaceae	Mycetocola	NA
62111e7eda2f381e5cc9b83a21e38675	Bacteria	Actinobacteria	Actinobacteria	Micrococcales	Microbacteriaceae	Leucobacter	Leucobacter_aridicollis_L-9(NR042288)
2b7f35885f5e0a32bd1a0eee47db12fc	Bacteria	Actinobacteria	Actinobacteria	Micrococcales	Dermabacteraceae	Brachybacterium	NA
b8e4821ec86f52793200a218a9a872af	Bacteria	Actinobacteria	Actinobacteria	Micrococcales	Jonesiaceae	Jonesia	Jonesia_denitrificans_DSM_20603(NR074806)
6c1f999e208111c58336cbc8441f454c	Bacteria	Actinobacteria	Actinobacteria	Micrococcales	Micrococcaceae	Kocuria	Kocuria_rosea_DSM_20447(NR044871)
254f465326c0ce91c5fa5baeed3b3dbc	Bacteria	Actinobacteria	Actinobacteria	Micrococcales	Brevibacteriaceae	Brevibacterium	Brevibacterium_ravenspurgense_20(NR044398)
04ae6d4e93605dc0fd87868b6069bbbf	Bacteria	Actinobacteria	Actinobacteria	Corynebacteriales	Corynebacteriaceae	Corynebacterium	Corynebacterium_tuberculostearicum_Medalle_X(NR028975)
5e67ba75ec50b8be266542f4917a0c2b	Bacteria	Actinobacteria	Actinobacteria	Propionibacteriales	Propionibacteriaceae	Cutibacterium	NA
638b5a793cbaf3007e35c93317e06b94	Bacteria	Actinobacteria	Actinobacteria	Propionibacteriales	Propionibacteriaceae	Cutibacterium	NA
2c38d9d5742202da694d4721608fd637	Bacteria	Actinobacteria	Actinobacteria	Propionibacteriales	Propionibacteriaceae	Cutibacterium	Cutibacterium_acnes_ATCC_6919(NR040847)
aa52f3fe7a4e68e0e9d70ae7542de1f2	Bacteria	Actinobacteria	Actinobacteria	Corynebacteriales		Lawsonella	Lawsonella_clevelandensis_X1036(NR151867)
b6a5fc447ca79e8fedf45cd9bef85ab8	Bacteria	Actinobacteria	Actinobacteria	Micrococcales	Cellulomonadaceae	Cellulomonas	NA
b855efb7e51cf62823a651db93fbf58c	Bacteria	Actinobacteria	Actinobacteria	Actinomycetales	Actinomycetaceae	Actinomyces	Actinomyces_naeslundii_JCM_8349(NR113326)
c6f4ebdaae2fa4de63989c19422c06ee	Bacteria	Actinobacteria	Actinobacteria	Micrococcales	Cellulomonadaceae	Cellulomonas	NA
47026cc897383b4e81448ccac2064f9f	Bacteria	Actinobacteria	Actinobacteria	Propionibacteriales	Nocardioidaceae	Marmoricola	Marmoricola_scoriae_Sco-D01(NR116965)
ad3ff6815c19c37b31cc8ba1921ed877	Bacteria	Actinobacteria	Actinobacteria	Corynebacteriales	Nocardiaceae	Rhodococcus	Rhodococcus_cerastii_C5(NR117103)
4a9b21921c4e594ff9efd69740727273	Bacteria	Actinobacteria	Actinobacteria	Propionibacteriales	Nocardioidaceae	Nocardioides	Nocardioides_guangzhouensis_130(NR170507)
4aa522c5b50051776adf225908e5ef6c	Bacteria	Actinobacteria	Actinobacteria	Propionibacteriales	Propionibacteriaceae	Cutibacterium	NA
0bc30de2fc2904c62d18fa6988ca5e3f	Bacteria	NA	NA	NA	NA	NA	NA
763ebd3d15f7fea8d9d5a4565530bc8a	Bacteria	NA	NA	NA	NA	NA	NA
08fa08a741c20c3a8e51661d84e9facf	Bacteria	Firmicutes	Bacilli	Lactobacillales	Lactobacillaceae	Limosilactobacillus	Lactobacillus_reuteri_NBRC_15892(NR113820)
1a5f680454949214c854fab2f2177532	Bacteria	Firmicutes	Clostridia	Clostridiales	NA	NA	NA
a1eec4a3f087230fbdd1c3d89916edd6	Bacteria	Firmicutes	Clostridia	Clostridiales	NA	NA	NA
12ac35f144ade10e1c0994f3ce2fc96a	Bacteria	Firmicutes	Clostridia	Clostridiales	NA	NA	NA
38bc765c3abf8d2e15419fe703dd4788	Bacteria	Firmicutes	Clostridia	Clostridiales	NA	NA	NA
8619be89386150a87d5ff080a5ef4351	Bacteria	Firmicutes	Clostridia	Clostridiales	NA	NA	NA
4a60db356cf1f9022b9c3bb5a2f49c3f	Bacteria	Firmicutes	Bacilli	Bacillales	Staphylococcaceae	Staphylococcus	Staphylococcus_epidermidis_Fussel_ATCC_14990(NR036904)
e96c3c9d7f1fa825c2e94be9d23210e0	Bacteria	Firmicutes	Bacilli	Lactobacillales	Lactobacillaceae	Limosilactobacillus	Limosilactobacillus_fermentum_NBRC_15885(NR113335)
759837042ce553fc7eb0beb658795e08	Bacteria	Firmicutes	Bacilli	Lactobacillales	Lactobacillaceae	Limosilactobacillus	Lactobacillus_reuteri_NBRC_15892(NR113820)
436ce619f5e2ef1a96e5615f5442e2a4	Bacteria	Firmicutes	Bacilli	Lactobacillales	Lactobacillaceae	Limosilactobacillus	Lactobacillus_reuteri_NBRC_15892(NR113820)
3d2ee3c66ba6cb350f127ccfe33e7e3b	Bacteria	Bacteroidetes	Bacteroidia	Bacteroidales	Barnesiellaceae	NA	NA
3f44905336aa2b8faddadc580efe6c00	Bacteria	Bacteroidetes	Bacteroidia	Bacteroidales	Tannerellaceae	Parabacteroides	Parabacteroides_goldsteinii_DSM_19448_WAL_12034_JCM_13446(NR113076)
61b3fce37bb87052c914ab444b7050cb	Bacteria	Bacteroidetes	Bacteroidia	Bacteroidales	Muribaculaceae	Duncaniella	Duncaniella_freteri_TLL-A3(NR170509)
d110acd0a9573ffd1d0980985573f63b	Bacteria	Bacteroidetes	Bacteroidia	Bacteroidales	Tannerellaceae	Parabacteroides	Parabacteroides_distasonis_JCM_5825(NR041342)
b518c769b49eaf9909c4553e7d55005a	Bacteria	Bacteroidetes	Bacteroidia	Bacteroidales	Odoribacteraceae	Odoribacter	Odoribacter_splanchnicus_JCM_15291(NR113075)
406b69b02c8148a223c8365f134b0073	Bacteria	Bacteroidetes	Chitinophagia	Chitinophagales	Chitinophagaceae	NA	NA
e950887a06e51d1fc43c80f66ce6618c	Bacteria	Bacteroidetes	Chitinophagia	Chitinophagales	Chitinophagaceae	Sediminibacterium	Sediminibacterium_magnilacihabitans_MU-2(NR133888)
7f97b72f7c0f9912d52d698eca59f55b	Bacteria	Bacteroidetes	Bacteroidia	Bacteroidales	Rikenellaceae	Alistipes	Alistipes_putredinis_JCM_16772(NR113152)
5ab5cf714d93fbe32ccb131ef3cdd7b4	Bacteria	Bacteroidetes	Chitinophagia	Chitinophagales	Chitinophagaceae	Hydrobacter	Hydrobacter_penzbergensis_EM_4(NR134746)
5211ff5239d8320c7a680af3bedfc82d	Bacteria	Bacteroidetes	Chitinophagia	Chitinophagales	Chitinophagaceae	Sediminibacterium	Sediminibacterium_magnilacihabitans_MU-2(NR133888)
f7c364985b8221d1a5caf8b25ce9572e	Bacteria	Bacteroidetes	Chitinophagia	Chitinophagales	Chitinophagaceae	Sediminibacterium	Sediminibacterium_magnilacihabitans_MU-2(NR133888)
b151f041966c982ecb0bc7a14d4c9dcf	Bacteria	Bacteroidetes	Chitinophagia	Chitinophagales	Chitinophagaceae	Sediminibacterium	Sediminibacterium_aquarii_AA5(NR152667)
9e4e0a14e344ddd228e170b5273c0367	Bacteria	Bacteroidetes	Flavobacteriia	Flavobacteriales	Weeksellaceae	Cloacibacterium	Cloacibacterium_haliotis_WB5(NR125655)
a487653a8a4441c589dd56a3eab9f3be	Bacteria	Bacteroidetes	Flavobacteriia	Flavobacteriales	Weeksellaceae	Cloacibacterium	NA
15fa5d0cd6a0aae97955298299a140fa	Bacteria	Bacteroidetes	Bacteroidia	Bacteroidales	Prevotellaceae	Prevotella	Prevotella_copri_DSM_18205_JCM_13464(NR113411)
61931040734715dc998495676f5e46d6	Bacteria	Bacteroidetes	Bacteroidia	Bacteroidales	Prevotellaceae	Prevotella	Prevotella_copri_DSM_18205_JCM_13464(NR113411)
660e5f2b665e5b7b6b0d390cb061d242	Bacteria	Bacteroidetes	Bacteroidia	Bacteroidales	Prevotellaceae	Prevotella	Prevotella_copri_DSM_18205_JCM_13464(NR113411)
69bfcfba431bf1e256a3ca8008cdf8b6	Bacteria	Bacteroidetes	Bacteroidia	Bacteroidales	Prevotellaceae	Prevotella	Prevotella_copri_DSM_18205_CB7(NR040877)
d42a73e3c2a5008d5ee5543ed73f0a2f	Bacteria	Bacteroidetes	Bacteroidia	Bacteroidales	Prevotellaceae	Prevotella	Prevotella_copri_DSM_18205_JCM_13464(NR113411)
305625bca79a8bbee46d682151ffdba4	Bacteria	Bacteroidetes	Bacteroidia	Bacteroidales	Prevotellaceae	Prevotella	Prevotella_copri_DSM_18205_JCM_13464(NR113411)
89700216ec054e8a420f4387cb6a1e61	Bacteria	Bacteroidetes	Bacteroidia	Bacteroidales	Bacteroidaceae	Bacteroides	Bacteroides_stercoris_ATCC_43183_JCM_9496(NR112943)
7530e08fb1c71070f2836679ec0795fe	Bacteria	Bacteroidetes	Bacteroidia	Bacteroidales	Bacteroidaceae	Bacteroides	Bacteroides_stercoris_ATCC_43183_JCM_9496(NR112943)
fd8810e05045885afa0e902f5809d062	Bacteria	Bacteroidetes	Bacteroidia	Bacteroidales	Bacteroidaceae	Bacteroides	Bacteroides_uniformis_JCM_5828(NR112945)
75ef19e4491800b0708581b8ffeacc0f	Bacteria	Bacteroidetes	Bacteroidia	Bacteroidales	Bacteroidaceae	Bacteroides	Bacteroides_uniformis_JCM_5828(NR112945)
8b7509a609eb84d3987832ae77119cb7	Bacteria	Bacteroidetes	Bacteroidia	Bacteroidales	Bacteroidaceae	Bacteroides	Bacteroides_uniformis_JCM_5828(NR112945)
ae717ed347efdebde98bed3624ec925c	Bacteria	Bacteroidetes	Bacteroidia	Bacteroidales		Phocaeicola	Bacteroides_coprocola_DSM_17136_M16(NR041278)
a8ad60c60c16faea3ac01b2441f68119	Bacteria	Bacteroidetes	Bacteroidia	Bacteroidales		Phocaeicola	Bacteroides_coprocola_DSM_17136_M16(NR041278)
2db000ef2266ae13c113771fab63d4c4	Bacteria	Bacteroidetes	Bacteroidia	Bacteroidales		Phocaeicola	Bacteroides_coprocola_DSM_17136_M16(NR041278)
231690e74ad4951c53de5eb8681da756	Bacteria	Bacteroidetes	Bacteroidia	Bacteroidales		Phocaeicola	Bacteroides_coprocola_DSM_17136_M16(NR041278)
ae26d3505eec81781cfdb5e2c3ae37e8	Bacteria	Bacteroidetes	Bacteroidia	Bacteroidales		Phocaeicola	Bacteroides_coprocola_DSM_17136_M16(NR041278)
83121bc56c2ba34f6045d52215a1417b	Bacteria	Bacteroidetes	Bacteroidia	Bacteroidales		Phocaeicola	Bacteroides_coprocola_DSM_17136_M16(NR041278)
7028273be82219e7124ef8ee9420cdeb	Bacteria	Bacteroidetes	Bacteroidia	Bacteroidales	Prevotellaceae	Prevotella	Prevotella_stercorea_DSM_18206_CB35(NR041364)
ae946481160f9002b8502989ffe5fe07	Bacteria	Bacteroidetes	Bacteroidia	Bacteroidales	Prevotellaceae	Paraprevotella	NA
580dedab486ee5f7763394775207cdee	Bacteria	Bacteroidetes	Bacteroidia	Bacteroidales	Bacteroidaceae	Bacteroides	Bacteroides_eggerthii_JCM_12986(NR112935)
50ae7b44e4365d3d07eecbd1914fe8ac	Bacteria	Bacteroidetes	Bacteroidia	Bacteroidales		Phocaeicola	NA
1c11773e73014d8a6c705bd1fe9a1264	Bacteria	Bacteroidetes	Bacteroidia	Bacteroidales		Phocaeicola	NA
e66ad2122c2c8461da587194b3be3ff1	Bacteria	Bacteroidetes	Bacteroidia	Bacteroidales		Phocaeicola	Phocaeicola_dorei_175(NR041351)
533a7d1cbdffde7d600224aa04ecb586	Bacteria	Bacteroidetes	Bacteroidia	Bacteroidales		Phocaeicola	Phocaeicola_barnesiae_BL2(NR041446)
5c67dfae95434bdc767bcda84772e7fa	Bacteria	Bacteroidetes	Bacteroidia	Bacteroidales	Bacteroidaceae	Bacteroides	Bacteroides_xylanisolvens_XB1A_XB1A(NR112947)
3ed1f789cce9062e780b593805e8a1fa	Bacteria	Bacteroidetes	Bacteroidia	Bacteroidales		Phocaeicola	Bacteroides_plebeius_DSM_17135_M12(NR041277)
c67f2ea23becc827f5c0aba9f5576b7d	Bacteria	Bacteroidetes	Bacteroidia	Bacteroidales	Bacteroidaceae	Bacteroides	Bacteroides_caccae_JCM_9498(NR112932)
403f077aabbcff99aa15eaae6cbc283d	Eukaryota	Streptophyta	Magnoliopsida	Solanales	Solanaceae	Atropa	Atropa_belladonna_Ab5pkan(AJ316582)
713c3dde8aa65eb7c7f2e0a3d4e0ba70	Eukaryota	Streptophyta	Magnoliopsida	NA	NA	NA	NA
56ec2689a198ff3018898cdf4782d619	Eukaryota	Streptophyta	Magnoliopsida	NA	NA	NA	NA
2c5c206ea567772d97b94eddcc469016	Eukaryota	Streptophyta	Magnoliopsida	Cucurbitales	Cucurbitaceae	Cucumis	Cucumis_sativus_AS_4.1868(AJ970307)
9d666bb7974c35725cf8e11b80256801	Bacteria	Firmicutes	Clostridia	Clostridiales	NA	NA	NA
a8c7044e5332d0260cc84f6cc177eea0	Bacteria	Firmicutes	Clostridia	Clostridiales	NA	NA	NA
320196db4c38b2e37ec6071ba600c4e3	Bacteria	Firmicutes	Clostridia	Clostridiales	Lachnospiraceae	Anaerobutyricum	Anaerobutyricum_hallii_ATCC_27751(NR118673)
fd3634bd8b4dc03e557b7f55de0e5220	Bacteria	Firmicutes	Clostridia	Clostridiales	Lachnospiraceae	NA	NA
58c3f07afc9981973720218ee3ba94a9	Bacteria	Firmicutes	Clostridia	Clostridiales	Lachnospiraceae	NA	NA
2244480fb349cf9b10d862e93a7615c3	Bacteria	Firmicutes	Clostridia	Clostridiales	Lachnospiraceae	NA	NA
7ce64f829ca8ba90f0198c461b548c82	Bacteria	Firmicutes	Clostridia	Clostridiales	Clostridiaceae	Butyricicoccus	Butyricicoccus_faecihominis_KS-2(NR152060)
0bc5d01a9444e4ed649df60b13cb56dc	Bacteria	Firmicutes	Clostridia	Clostridiales	Lachnospiraceae	Eisenbergiella	Eisenbergiella_massiliensis_AT11(NR144731)
9a10cc6446ae13781e169a23b209df08	Bacteria	Firmicutes	Bacilli	Bacillales	Bacillaceae	Bacillus	Bacillus_cereus_ATCC_14579_ATCC_14579(AE016877)
6ac45eed9c0b3d378e77746a06c3f552	Bacteria	Firmicutes	Bacilli	Bacillales	Staphylococcaceae	Staphylococcus	NA
28791a195fb16e432f328fc38c217a16	Bacteria	Firmicutes	Bacilli	Bacillales	Staphylococcaceae	Staphylococcus	Staphylococcus_epidermidis_Fussel_ATCC_14990(NR036904)
9a475b184b8ab73b02c58aaa090713a6	Bacteria	Firmicutes	Bacilli	Bacillales	Staphylococcaceae	Staphylococcus	Staphylococcus_hominis_DM_122(NR036956)
c4f81b616f1c91f7c2cb1180597aaeaa	Bacteria	Firmicutes	Bacilli	Bacillales	Staphylococcaceae	Staphylococcus	Staphylococcus_hominis_DM_122(NR036956)
348e96d93fe2216ff17f6d4b69770f80	Bacteria	Firmicutes	Bacilli	Bacillales	Staphylococcaceae	Staphylococcus	Staphylococcus_auricularis_WK_811M_ATCC_33753(NR036897)
88b3c6655959f78d6ec30bfd1715fae3	Bacteria	Firmicutes	Bacilli	Bacillales	Staphylococcaceae	Staphylococcus	Staphylococcus_auricularis_WK_811M_ATCC_33753(NR036897)
24e4716fbdc356659ce5d3c8da98f146	Bacteria	Firmicutes	Bacilli	Bacillales	Staphylococcaceae	Staphylococcus	NA
267c2e6e02a0229ac4f909b76263fc60	Bacteria	Firmicutes	Bacilli	Bacillales	Staphylococcaceae	Staphylococcus	NA
483181f68a1997d8d691fc99eb4d8919	Bacteria	Firmicutes	Bacilli	Bacillales	Staphylococcaceae	Staphylococcus	NA
8360592674855ef915d6b68e86872591	Bacteria	Firmicutes	Bacilli	Bacillales	Staphylococcaceae	Staphylococcus	NA
da945c7c3ce3931a026a9980c4962f55	Bacteria	Firmicutes	Bacilli	Bacillales	Bacillaceae	Bacillus	Bacillus_cereus_ATCC_14579_ATCC_14579(AE016877)
3f4ffd59d534d93c59fd0f835187f93d	Bacteria	Firmicutes	Bacilli	Bacillales	Bacillaceae	Bacillus	Bacillus_cereus_ATCC_14579_ATCC_14579(AE016877)
a8c19eacf281d1ec31ba2f1232a3a317	Bacteria	Firmicutes	Bacilli	Bacillales	Bacillaceae	Bacillus	Bacillus_cereus_ATCC_14579_ATCC_14579(AE016877)
bb2ff49da033adba688e290e3668124b	Bacteria	Firmicutes	Bacilli	Bacillales	Bacillaceae	Bacillus	Bacillus_cereus_ATCC_14579_ATCC_14579(AE016877)
0207b731da646e007b75ee4a34a346ec	Bacteria	Firmicutes	Bacilli	Bacillales	Bacillaceae	Bacillus	Bacillus_cereus_ATCC_14579_ATCC_14579(AE016877)
30c2f40cd5fd759b6bfa62d64fdc3b62	Bacteria	Firmicutes	Bacilli	Bacillales	Staphylococcaceae	Abyssicoccus	Abyssicoccus_albus_LIPI11-2-Ac043(NR146680)
d47b8e2b5f3593d2a6cceb96adce848a	Bacteria	Firmicutes	Clostridia	Clostridiales	Lachnospiraceae	Anaerostipes	Anaerostipes_hadrus_DSM_3319(NR117139)
7458ae396d889c89277547e30e1d81e4	Bacteria	Firmicutes	Clostridia	Clostridiales	Eubacteriaceae	Eubacterium	Eubacterium_oxidoreducens_G41(NR104737)
c44855bf01fbe041912b42a2776699f7	Bacteria	Firmicutes	Clostridia	Clostridiales	Eubacteriaceae	Eubacterium	Eubacterium_xylanophilum_ATCC_35991(NR118676)
d493e6d0078afc6dcf6cc4544e3b8fd2	Bacteria	Firmicutes	Clostridia	Clostridiales	Lachnospiraceae	Anaerostipes	NA
1e48e37b881b8a3688ccedb4ae06e954	Bacteria	Firmicutes	Clostridia	Clostridiales	NA	NA	NA
ae534a3c3a71532b9bd66243b29053a9	Bacteria	Firmicutes	Clostridia	Clostridiales	Lachnospiraceae	Roseburia	Roseburia_hominis_A2-183_A2-183(NR074809)
3486152f581b569e35838ab1b921c36e	Bacteria	Firmicutes	Clostridia	Clostridiales	NA	NA	NA
54f88dfe4c6b3adbf445fb708edb5dff	Bacteria	Firmicutes	Clostridia	Clostridiales	Lachnospiraceae		Eubacterium_rectale_ATCC_33656_ATCC_33656(NR074634)
7b551dcbf7cd8412c309cb31d4a1475d	Bacteria	Firmicutes	Bacilli	Lactobacillales	Lactobacillaceae	Lactobacillus	Lactobacillus_rogosae_ATCC_27753(NR104836)
e98d758370335b40bead74165d1fc9bd	Bacteria	Firmicutes	NA	NA	NA	NA	NA
2205d77b056f990e7de59afb4913e55e	Bacteria	Firmicutes	Bacilli	Lactobacillales	Lactobacillaceae	Lactobacillus	Lactobacillus_rogosae_ATCC_27753(NR104836)
cfcf71ec574a110799d67184a9997dbe	Bacteria	Firmicutes	Clostridia	Clostridiales	Eubacteriaceae	Eubacterium	Eubacterium_eligens_54408(L34420)
8fab64859e1298844025c39d1ef7edbc	Bacteria	Firmicutes	Clostridia	Clostridiales	Eubacteriaceae	Eubacterium	Eubacterium_eligens_54408(L34420)
7da9afbdffc9ce1f0064de56917fdc0e	Bacteria	Firmicutes	Clostridia	Clostridiales	Lachnospiraceae	Blautia	Blautia_faecicola_KGMB01111(NR170495)
84b9f2715b7381dfdec291c916f61662	Bacteria	Firmicutes	Clostridia	Clostridiales	Lachnospiraceae	Anaerostipes	Anaerostipes_hadrus_DSM_3319(NR104799)
1b11d3889c6c7137078b1812628b327b	Bacteria	Firmicutes	Clostridia	Clostridiales	Ruminococcaceae	Flavonifractor	NA
773d84f28548ea6c5d0257760debea79	Bacteria	Actinobacteria	Actinobacteria	Micrococcales	Micrococcaceae	Arthrobacter	Arthrobacter_bussei_KR32(NR170399)
540cf7e89578fe2d8efc2ed289aa5d85	Bacteria	Actinobacteria	Actinobacteria	Micrococcales	Micrococcaceae	Micrococcus	NA
578ebb5c9151678a0c2a6cd159f52a74	Bacteria	Actinobacteria	Actinobacteria	Micrococcales	Micrococcaceae	Micrococcus	Micrococcus_aloeverae_AE-6(NR134088)
d73b3c05f11f2ae2c7bab6ec1695cc40	Bacteria	Actinobacteria	Actinobacteria	Micrococcales	Micrococcaceae	Micrococcus	Micrococcus_antarcticus_T2_JCM_11467(NR025285)
6683d124b7cef6f6677822fd8c9e4303	Bacteria	Actinobacteria	Actinobacteria	Micrococcales	Micrococcaceae	Micrococcus	Micrococcus_terreus_V3M1(NR116649)
89c0de0b7f79cbb0eea102c260910fff	Bacteria	Actinobacteria	Actinobacteria	Corynebacteriales	Corynebacteriaceae	Corynebacterium	Corynebacterium_lipophiloflavum_LM_161_IMSNU_50530(NR026370)
ca697edc4bc4a056dee0968a79b6a657	Bacteria	Actinobacteria	Actinobacteria	Corynebacteriales	Corynebacteriaceae	Corynebacterium	Corynebacterium_thomssenii_DSM_44276(NR024849)
d56197598d1532f38f293d10627c0e44	Bacteria	Firmicutes	Clostridia	Clostridiales	Ruminococcaceae	Flavonifractor	Flavonifractor_plautii_Prevot_S1(NR043142)
4b3b69aa5b7982908c0f4f914e3d9cad	Bacteria	Firmicutes	Clostridia	Clostridiales	Lachnospiraceae	Blautia	Blautia_obeum_CE40_cdc_group_A-3(X85101)
7becca3d389a2f1ab274d45ea5b65a33	Bacteria	Firmicutes	Clostridia	Clostridiales	Lachnospiraceae	Blautia	Blautia_luti_DSM_14534_DSM_14534(NR114315)
80932a88e4a19bacf01786f20f6bb572	Bacteria	Firmicutes	Clostridia	Clostridiales	Lachnospiraceae	Blautia	Blautia_wexlerae_DSM_19850_DSM_19850(NR044054)
eb77b9fb755c497680ea35fa445bf333	Bacteria	Actinobacteria	Actinobacteria	Micrococcales	Microbacteriaceae	Microbacterium	Microbacterium_deminutum_KV-483(NR041330)
d0278f9ec8dcfe8c8d4bb1a2277feac2	Bacteria	Actinobacteria	Actinobacteria	Micrococcales	Microbacteriaceae	Microbacterium	Microbacterium_flavescens_IFO_15039(NR112001)
3dd69892d4ab2ca009d4b4984e4c77a5	Bacteria	Actinobacteria	Actinobacteria	Micrococcales	Microbacteriaceae	Microbacterium	NA
d6c445dfd866aaca0d2907691671c89a	Bacteria	Firmicutes	Clostridia	Clostridiales	Lachnospiraceae	Fusicatenibacter	Fusicatenibacter_saccharivorans_HT03-11(NR114326)
ab22641db08815b737013b82074a54d7	Bacteria	Firmicutes	Clostridia	Clostridiales	Lachnospiraceae	Fusicatenibacter	Fusicatenibacter_saccharivorans_HT03-11(NR114326)
9321e02e222c58fb19b4aaa201cc3558	Bacteria	Firmicutes	Bacilli	Lactobacillales	Lactobacillaceae	Lactobacillus	Lactobacillus_rogosae_ATCC_27753(NR104836)
7cc194b04ea53327b6c7ece11aca6a22	Bacteria	Proteobacteria	NA	NA	NA	NA	NA
9202b0c5f8aab0908ba52dc6903e4cb4	Bacteria	Proteobacteria	Gammaproteobacteria	Enterobacterales	NA	NA	NA
694fff2a483e5ff57cee040200576e3b	Bacteria	Proteobacteria	Gammaproteobacteria	Enterobacterales	Enterobacteriaceae	Klebsiella	Klebsiella_variicola_F2R9_ATCC_BAA-830(NR025635)
bc79fa6c07caa46128eab8cc757daae3	Bacteria	Proteobacteria	Gammaproteobacteria	NA	NA	NA	NA
9d610d0a2d058acafa5f9baa97926400	Bacteria	Firmicutes	Clostridia	Clostridiales	Lachnospiraceae	Coprococcus	Coprococcus_eutactus_ATCC_27759(NR044049)
598e18d352d5bcc79468a1345ac30381	Bacteria	Firmicutes	Clostridia	Clostridiales	Ruminococcaceae	Agathobaculum	Agathobaculum_butyriciproducens_SR79(NR151982)
7f5e8dc22b23b8ed14eff6980b7ef14a	Bacteria	Firmicutes	Clostridia	Clostridiales	Ruminococcaceae	Agathobaculum	Agathobaculum_butyriciproducens_SR79(NR151982)
0bee3bf0d13bf5927605ca014eecc59e	Bacteria	Firmicutes	Clostridia	Clostridiales	NA	NA	NA
7448f96074bf840e215fdce3a9e6986b	Bacteria	Bacteroidetes	Bacteroidia	Bacteroidales	Bacteroidaceae	Bacteroides	NA
b93341d7c7370712cde99d0b638aee78	Bacteria	Bacteroidetes	Bacteroidia	Bacteroidales	Bacteroidaceae	Bacteroides	Bacteroides_cellulosilyticus_JCM_15632(NR112933)
438828b34e0e688f1d61e22b53caea98	Bacteria	Bacteroidetes	Bacteroidia	Bacteroidales	Prevotellaceae	Prevotella	Prevotella_copri_DSM_18205_CB7(NR040877)
1fb736233ae77fd174037fffd3d3f378	Bacteria	Bacteroidetes	Bacteroidia	Bacteroidales	Bacteroidaceae	Bacteroides	NA
493526bf67a2bdaf3c19676e04bf1ad0	Bacteria	Bacteroidetes	Bacteroidia	Bacteroidales	Bacteroidaceae	Bacteroides	NA
